instance,run,LB,UB,SD,E,FCFF,time_H,time_SD,time_E,improve,G(UB-OPT),G(UB-LB),LBNoLift,UBNoLS,LBImprov,UBImprov,G(FCFS-UB),prodSeq,logiSeq
0,0,4872.51239,4930.75,4930.75,4930.75,5073.75,0.184,0,0,0,0,1.181110582,4423.348139,5073.75,9.218329588,2.818428184,2.818428184,2-0-1,8-0-1-3-4 | 6-7-9-2-5
0,1,4874.168403,4930.75,4930.75,4930.75,5073.75,0.175,0,0,0,0,1.147525164,4429.966068,5073.75,9.113397369,2.818428184,2.818428184,2-0-1,8-0-1-3-4 | 6-7-9-2-5
0,2,4874.327979,4930.75,4930.75,4930.75,5073.75,0.183,0,0,0,0,1.144288815,4423.834997,5073.75,9.242155725,2.818428184,2.818428184,2-0-1,8-0-1-3-4 | 6-7-9-2-5
0,3,4873.707637,4930.75,4930.75,4930.75,5073.75,0.182,0,0,0,0,1.156869907,4417.253573,5073.75,9.365643127,2.818428184,2.818428184,2-0-1,8-0-1-3-4 | 6-7-9-2-5
0,4,4873.01093,4930.75,4930.75,4930.75,5073.75,0.181,0,0,0,0,1.170999755,4413.261766,5073.75,9.434601534,2.818428184,2.818428184,2-0-1,8-0-1-3-4 | 6-7-9-2-5
1,0,4847.859321,4901.25,4904.75,4901.25,5047.75,0.168,0,0,0.071410355,1.86E-14,1.089327812,4399.228134,5047.75,9.254212152,2.902283195,2.902283195,2-1-0,9-8-5-1 | 7-3-6-4-0-2
1,1,4847.27283,4901.25,4904.75,4901.25,5047.75,0.17,0,0,0.071410355,1.86E-14,1.101293964,4389.325005,5047.75,9.447535565,2.902283195,2.902283195,2-1-0,9-8-5-1 | 7-3-6-4-0-2
1,2,4850.345798,4904.75,4904.75,4901.25,5047.75,0.264,0,0,0.071410355,0.071359397,1.109214579,4413.664932,5047.75,9.003087286,2.832945372,2.832945372,2-1-0,9-8-5-1 | 7-3-6-4-0-2
1,3,4849.683402,4901.25,4904.75,4901.25,5047.75,0.288,0,0,0.071410355,1.86E-14,1.052111165,4408.565391,5047.75,9.095810459,2.902283195,2.902283195,2-1-0,9-8-5-1 | 7-3-6-4-0-2
1,4,4846.926389,4901.25,4904.75,4901.25,5047.75,0.177,0,0,0.071410355,1.86E-14,1.10836237,4395.579898,5047.75,9.312014572,2.902283195,2.902283195,2-1-0,9-8-5-1 | 7-3-6-4-0-2
2,0,4833.629172,4891.75,4891.75,4888.25,5034.75,0.189,0,0,0.071600266,0.071549037,1.188139786,4386.860932,5034.75,9.242915088,2.840260192,2.840260192,2000/1/2,0-4-3-5-7-8 | 2-1-6-9-10
2,1,4833.695929,4888.25,4891.75,4888.25,5034.75,0.2,0,0,0.071600266,1.86E-14,1.116024573,4374.440859,5034.75,9.501116257,2.90977705,2.90977705,1-0-2,4-5-0-7-9-8 | 6-1-2-3-10
2,2,4838.661079,4888.25,4891.75,4888.25,5034.75,0.324,0,0,0.071600266,1.86E-14,1.014451407,4395.750209,5034.75,9.153583246,2.90977705,2.90977705,1-0-2,4-5-0-7-9-8 | 6-1-2-3-10
2,3,4833.256388,4888.25,4891.75,4888.25,5034.75,0.197,0,0,0.071600266,1.86E-14,1.125016361,4383.30718,5034.75,9.309442156,2.90977705,2.90977705,1-0-2,4-5-0-7-9-8 | 6-1-2-3-10
2,4,4833.864311,4888.25,4891.75,4888.25,5034.75,0.19,0,0,0.071600266,1.86E-14,1.112579941,4383.57491,5034.75,9.315309069,2.90977705,2.90977705,1-0-2,4-5-0-7-9-8 | 6-1-2-3-10
3,0,5044.111429,5044.25,5044.25,5044.25,5044.25,8.195,0,0,0,1.80E-14,0.002747099,4573.472759,5044.25,9.330457455,0,0,2000/2/1,0-1-9-3-5-6 | 2-7-8-10-4
3,1,5044.143121,5044.25,5044.25,5044.25,5044.25,0.753,0,0,0,1.80E-14,0.002118823,4573.433442,5044.25,9.331806563,0,0,2000/2/1,0-1-9-3-5-6 | 2-7-8-10-4
3,2,5044.16307,5044.25,5044.25,5044.25,5044.25,1.114,0,0,0,1.80E-14,0.001723344,4573.391862,5044.25,9.332989475,0,0,2000/2/1,0-1-9-3-5-6 | 2-7-8-10-4
3,3,5044.161705,5044.25,5044.25,5044.25,5044.25,1.334,0,0,0,1.80E-14,0.0017504,4573.445076,5044.25,9.331909974,0,0,2000/2/1,0-1-9-3-5-6 | 2-7-8-10-4
3,4,5044.117974,5044.25,5044.25,5044.25,5044.25,1.05,0,0,0,1.80E-14,0.002617348,4573.455119,5044.25,9.330924812,0,0,2000/2/1,0-1-9-3-5-6 | 2-7-8-10-4
4,0,5159.99655,5163,5163,5163,5163,0.234,0,0,0,1.76E-14,0.058172573,4690.135793,5163,9.105834722,0,0,1-0-2,4-5-7-1-8-10 | 6-0-2-3-9
4,1,5159.937181,5163,5163,5163,5163,0.476,0,0,0,1.76E-14,0.059322477,4690.500187,5163,9.097726912,0,0,1-0-2,4-5-7-1-8-10 | 6-0-2-3-9
4,2,5159.874112,5163,5163,5163,5163,0.239,0,0,0,1.76E-14,0.060544032,4690.123431,5163,9.103917463,0,0,1-0-2,4-5-7-1-8-10 | 6-0-2-3-9
4,3,5160.078962,5163,5163,5163,5163,0.338,0,0,0,1.76E-14,0.056576365,4690.257479,5163,9.104928166,0,0,1-0-2,4-5-7-1-8-10 | 6-0-2-3-9
4,4,5159.810452,5163,5163,5163,5163,0.214,0,0,0,1.76E-14,0.061777023,4690.038476,5163,9.104442502,0,0,1-0-2,4-5-7-1-8-10 | 6-0-2-3-9
5,0,4887.121162,4955.25,4955.25,4955.25,4955.25,0.218,0,0,0,0,1.374881944,4438.888134,4955.25,9.171719159,0,0,2-0-1,7-8-10-1-3-5 | 9-0-2-4-6
5,1,4886.204167,4955.25,4955.25,4955.25,4955.25,0.203,0,0,0,0,1.393387474,4442.52869,4955.25,9.080166567,0,0,2-0-1,7-8-10-1-3-5 | 9-0-2-4-6
5,2,4885.418171,4955.25,4955.25,4955.25,4955.25,0.208,0,0,0,0,1.409249367,4440.350272,4955.25,9.110129025,0,0,2-0-1,7-8-10-1-3-5 | 9-0-2-4-6
5,3,4885.992453,4955.25,4955.25,4955.25,4955.25,0.2,0,0,0,0,1.397659999,4438.016874,4955.25,9.168568794,0,0,2-0-1,7-8-10-1-3-5 | 9-0-2-4-6
5,4,4885.832148,4955.25,4955.25,4955.25,4955.25,0.208,0,0,0,0,1.400895059,4433.181533,4955.25,9.264555164,0,0,2-0-1,7-8-10-1-3-5 | 9-0-2-4-6
6,0,4729.934966,4872.25,4895.75,4872.25,4936.5,0.204,0,0,0.482323362,0,2.920930462,4292.045905,4936.5,9.257824125,1.301529424,1.301529424,2-1-0,7-3-10-4-6-1 | 9-8-5-0-2
6,1,4730.575891,4895.75,4895.75,4872.25,4936.5,0.212,0,0,0.482323362,0.48000817,3.373826459,4297.802133,4936.5,9.148437063,0.825483642,0.825483642,2-1-0,7-3-10-4-6-1 | 9-8-5-0-2
6,2,4730.379402,4872.25,4895.75,4872.25,4936.5,0.205,0,0,0.482323362,0,2.911808673,4293.058229,4936.5,9.244949207,1.301529424,1.301529424,2-1-0,7-3-10-4-6-1 | 9-8-5-0-2
6,3,4730.315704,4872.25,4895.75,4872.25,4936.5,0.215,0,0,0.482323362,0,2.913116031,4296.243678,4936.5,9.176385952,1.301529424,1.301529424,2-1-0,7-3-10-4-6-1 | 9-8-5-0-2
6,4,4729.520021,4910.25,4895.75,4872.25,4936.5,0.203,0,0,0.482323362,0.77389135,3.680667565,4303.666088,4936.5,9.004168108,0.531753266,0.531753266,2-1-0,7-3-10-4-6-1 | 9-8-5-0-2
7,0,4703.662504,4846.25,4869.75,4846.25,4910.5,0.248,0,0,0.484911014,0,2.942223283,4284.947652,4910.5,8.901889797,1.308420731,1.308420731,1-0-2,4-0-7-1-3-11 | 6-5-2-8-10-9
7,1,4703.831082,4869.75,4869.75,4846.25,4910.5,0.228,0,0,0.484911014,0.482570974,3.407134204,4271.48631,4910.5,9.19133287,0.829854394,0.829854394,1-0-2,4-0-7-1-3-11 | 6-5-2-8-10-9
7,2,4704.134291,4846.25,4869.75,4846.25,4910.5,0.235,0,0,0.484911014,0,2.932488192,4286.355446,4910.5,8.881099448,1.308420731,1.308420731,1-0-2,4-0-7-1-3-11 | 6-5-2-8-10-9
7,3,4702.465494,4869.75,4869.75,4846.25,4910.5,0.242,0,0,0.484911014,0.482570974,3.435176469,4284.337293,4910.5,8.891680364,0.829854394,0.829854394,1-0-2,4-0-7-1-3-11 | 6-5-2-8-10-9
7,4,4704.517599,4869.75,4869.75,4846.25,4910.5,0.24,0,0,0.484911014,0.482570974,3.393036626,4266.854792,4910.5,9.303032626,0.829854394,0.829854394,1-0-2,4-0-7-1-3-11 | 6-5-2-8-10-9
8,0,4472.01871,4472.25,4472.25,4472.25,4472.25,0.979,0,0,0,2.03E-14,0.005171675,4001.851567,4472.25,10.51353256,0,0,2-0-1,8-0-1-3-7 | 9-2-4-6-5
8,1,4472.036272,4472.25,4472.25,4472.25,4472.25,0.844,0,0,0,2.03E-14,0.004778986,4001.741984,4472.25,10.51633437,0,0,2-0-1,8-0-1-3-7 | 9-2-4-6-5
8,2,4471.999118,4472.25,4472.25,4472.25,4472.25,0.66,0,0,0,2.03E-14,0.005609745,4001.83574,4472.25,10.51349443,0,0,2-0-1,8-0-1-3-7 | 9-2-4-6-5
8,3,4472.024179,4472.25,4472.25,4472.25,4472.25,1.076,0,0,0,2.03E-14,0.005049392,4001.662045,4472.25,10.51787994,0,0,2-0-1,8-0-1-3-7 | 9-2-4-6-5
8,4,4471.985871,4472.25,4472.25,4472.25,4472.25,0.777,0,0,0,2.03E-14,0.005905947,4001.815403,4472.25,10.51368411,0,0,2-0-1,8-0-1-3-7 | 9-2-4-6-5
9,0,4420.064966,4420.25,4420.25,4420.25,4420.25,5.367,0,0,0,2.06E-14,0.004186049,3949.617105,4420.25,10.64346033,0,0,1-2-0,4-6-0-8-3 | 5-7-2-1
9,1,4420.065641,4420.25,4420.25,4420.25,4420.25,0.239,0,0,0,2.06E-14,0.004170788,3949.440264,4420.25,10.64747483,0,0,1-2-0,4-6-0-8-3 | 5-7-2-1
9,2,4420.100449,4420.25,4420.25,4420.25,4420.25,5.007,0,0,0,2.06E-14,0.00338332,3949.545375,4420.25,10.64580047,0,0,1-2-0,4-6-0-8-3 | 5-7-2-1
9,3,4420.124095,4420.25,4420.25,4420.25,4420.25,0.569,0,0,0,2.06E-14,0.002848369,3949.565069,4420.25,10.64583292,0,0,1-2-0,4-6-0-8-3 | 5-7-2-1
9,4,4420.016249,4420.25,4420.25,4420.25,4420.25,0.216,0,0,0,2.06E-14,0.005288179,3949.501732,4420.25,10.6450857,0,0,1-2-0,4-6-0-8-3 | 5-7-2-1
10,0,4224.864995,4225.25,4225.25,4225.25,4225.25,0.824,0,0,0,2.15E-14,0.00911201,3755.42245,4225.25,11.11142121,0,0,2000/2/1,0-5-6-8-4 | 1-7-2-3
10,1,4224.972229,4225.25,4225.25,4225.25,4225.25,0.442,0,0,0,2.15E-14,0.00657408,3754.860926,4225.25,11.12696788,0,0,2000/2/1,0-5-6-8-4 | 1-7-2-3
10,2,4224.905812,4225.25,4225.25,4225.25,4225.25,0.22,0,0,0,2.15E-14,0.008145982,3754.479747,4225.25,11.13459297,0,0,2000/2/1,0-5-6-8-4 | 1-7-2-3
10,3,4224.940553,4225.25,4225.25,4225.25,4225.25,0.857,0,0,0,2.15E-14,0.007323745,3755.008826,4225.25,11.12280093,0,0,2000/2/1,0-5-6-8-4 | 1-7-2-3
10,4,4224.78085,4225.25,4225.25,4225.25,4225.25,0.208,0,0,0,2.15E-14,0.011103477,3754.583448,4225.25,11.12950989,0,0,2000/2/1,0-5-6-8-4 | 1-7-2-3
11,0,4444.080362,4576.5,4693.25,4576.5,4788.5,0.21,0,0,2.55107615,1.99E-14,2.893469638,4028.85891,4788.5,9.34324806,4.427273677,4.427273677,2000/1/2,0-3-2-4-7-8-10 | 1-5-6-9
11,1,4444.161909,4576.5,4693.25,4576.5,4788.5,0.21,0,0,2.55107615,1.99E-14,2.891687773,4025.394598,4788.5,9.422863525,4.427273677,4.427273677,2000/1/2,0-3-2-4-7-8-10 | 1-5-6-9
11,2,4444.952923,4576.5,4693.25,4576.5,4788.5,0.207,0,0,2.55107615,1.99E-14,2.874403529,4033.475687,4788.5,9.257178698,4.427273677,4.427273677,2000/1/2,0-3-2-4-7-8-10 | 1-5-6-9
11,3,4443.625368,4655.25,4693.25,4576.5,4788.5,0.206,0,0,2.55107615,1.691638473,4.545934841,4045.14889,4788.5,8.967373373,2.782708573,2.782708573,2000/1/2,0-3-2-4-7-8-10 | 1-5-6-9
11,4,4444.738577,4589.25,4693.25,4576.5,4788.5,0.192,0,0,2.55107615,0.277823174,3.148911543,4031.385492,4788.5,9.299828956,4.161010755,4.161010755,2000/1/2,0-3-2-4-7-8-10 | 1-5-6-9
12,0,4444.44047,4732,4739.75,4713.5,4794.25,0.227,0,0,0.556911,0.390955199,6.076913153,4077.608557,4794.25,8.253725415,1.298430411,1.298430411,1-2-0,4-5-7-9-11-3 | 6-8-10-0-2-1
12,1,4472.808286,4713.5,4739.75,4713.5,4794.25,1.636,0,0,0.556911,0,5.10643289,4354.851999,4794.25,2.637186285,1.684309329,1.684309329,2-1-0,8-9-11-5-7-3 | 10-4-6-0-2-1
12,2,4444.323151,4739.75,4739.75,4713.5,4794.25,0.245,0,0,0.556911,0.553826679,6.232962695,4100.138442,4794.25,7.74436729,1.136778432,1.136778432,2-1-0,8-9-11-5-7-3 | 10-4-6-0-2-1
12,3,4444.053489,4713.5,4739.75,4713.5,4794.25,0.24,0,0,0.556911,0,5.7164848,4084.56495,4794.25,8.089203687,1.684309329,1.684309329,2-1-0,8-9-11-5-7-3 | 10-4-6-0-2-1
12,4,4445.261077,4739.75,4739.75,4713.5,4794.25,0.238,0,0,0.556911,0.553826679,6.213174186,4115.006545,4794.25,7.429361867,1.136778432,1.136778432,2-1-0,8-9-11-5-7-3 | 10-4-6-0-2-1
13,0,4782.479267,4896.75,4896.75,4896.75,4896.75,0.209,0,0,0,0,2.333603568,4348.535664,4896.75,9.073611796,0,0,1-0-2,4-5-7-1-3-10 | 6-0-2-8-9
13,1,4782.888534,4896.75,4896.75,4896.75,4896.75,0.21,0,0,0,0,2.325245646,4360.877518,4896.75,8.82335043,0,0,1-0-2,4-5-7-1-3-10 | 6-0-2-8-9
13,2,4782.951667,4896.75,4896.75,4896.75,4896.75,0.208,0,0,0,0,2.323956353,4345.237632,4896.75,9.151546278,0,0,1-0-2,4-5-7-1-3-10 | 6-0-2-8-9
13,3,4781.904242,4896.75,4896.75,4896.75,4896.75,0.205,0,0,0,0,2.345346562,4348.427211,4896.75,9.064945883,0,0,1-0-2,4-5-7-1-3-10 | 6-0-2-8-9
13,4,4781.472086,4896.75,4896.75,4896.75,4896.75,0.211,0,0,0,0,2.354171931,4355.986713,4896.75,8.898627139,0,0,1-0-2,4-5-7-1-3-10 | 6-0-2-8-9
14,0,4704.23585,4929.25,4907.5,4895.75,4988.25,0.209,0,0,0.240004085,0.679616575,4.564875985,4284.882363,4988.25,8.914380592,1.182779532,1.182779532,2000/1/2,0-1-3-6-9-10 | 2-4-5-7-8
14,1,4704.062927,4929.25,4907.5,4895.75,4988.25,0.214,0,0,0.240004085,0.679616575,4.568384104,4275.074969,4988.25,9.119519958,1.182779532,1.182779532,2000/1/2,0-1-3-6-9-10 | 2-4-5-7-8
14,2,4703.932747,4895.75,4907.5,4895.75,4988.25,0.215,0,0,0.240004085,1.86E-14,3.918036119,4299.333885,4988.25,8.601289248,1.854357741,1.854357741,2-0-1,9-8-0-4-3-6 | 7-10-2-1-5
14,3,4705.19554,4929.25,4907.5,4895.75,4988.25,0.215,0,0,0.240004085,0.679616575,4.545406698,4301.875716,4988.25,8.571797308,1.182779532,1.182779532,2-0-1,9-8-0-4-3-6 | 7-10-2-1-5
14,4,4704.434639,4895.75,4907.5,4895.75,4988.25,0.204,0,0,0.240004085,1.86E-14,3.907784521,4291.989047,4988.25,8.767165959,1.854357741,1.854357741,2-0-1,9-8-0-4-3-6 | 7-10-2-1-5
15,0,5056.034892,5174.25,5174.25,5174.25,5269.5,0.168,0,0,0,1.76E-14,2.28468102,4597.784022,5269.5,9.063443584,1.807571876,1.807571876,1-0-2,5-4-0-8-7 | 3-6-1-2
15,1,5055.667695,5174.25,5174.25,5174.25,5269.5,0.165,0,0,0,1.76E-14,2.291777658,4606.762834,5269.5,8.87923985,1.807571876,1.807571876,1-0-2,5-4-0-8-7 | 3-6-1-2
15,2,5059.604892,5174.25,5174.25,5174.25,5269.5,0.168,0,0,0,1.76E-14,2.215685516,4614.392734,5269.5,8.799346341,1.807571876,1.807571876,1-0-2,5-4-0-8-7 | 3-6-1-2
15,3,5056.17252,5174.25,5174.25,5174.25,5269.5,0.153,0,0,0,1.76E-14,2.282021164,4591.368401,5269.5,9.192805766,1.807571876,1.807571876,1-0-2,5-4-0-8-7 | 3-6-1-2
15,4,5056.205954,5174.25,5174.25,5174.25,5269.5,0.171,0,0,0,1.76E-14,2.281374997,4610.625248,5269.5,8.812550556,1.807571876,1.807571876,1-0-2,5-4-0-8-7 | 3-6-1-2
16,0,4899.854888,5024.75,5024.75,5024.75,5120,0.185,0,0,0,0,2.48559853,4468.392552,5120,8.805614574,1.860351563,1.860351563,2-0-1,6-9-0-3-5 | 8-7-2-1-4
16,1,4904.376256,5024.75,5024.75,5024.75,5120,0.377,0,0,0,0,2.39561658,4500.339378,5120,8.238292843,1.860351563,1.860351563,2-0-1,6-9-0-3-5 | 8-7-2-1-4
16,2,4899.222751,5024.75,5024.75,5024.75,5120,0.204,0,0,0,0,2.498178991,4479.212694,5120,8.572993686,1.860351563,1.860351563,2-0-1,6-9-0-3-5 | 8-7-2-1-4
16,3,4909.191934,5024.75,5024.75,5024.75,5120,0.555,0,0,0,0,2.299777429,4521.349846,5120,7.900324382,1.860351563,1.860351563,2-0-1,6-9-0-3-5 | 8-7-2-1-4
16,4,4899.815275,5079.25,5024.75,5024.75,5120,0.183,0,0,0,1.07299306,3.532701192,4481.194517,5120,8.543602845,0.795898438,0.795898438,2-0-1,6-9-0-3-5 | 8-7-2-1-4
17,0,5018.07666,5018.25,5018.25,5018.25,5018.25,0.731,0,0,0,1.81E-14,0.003454201,4548.039046,5018.25,9.366887871,0,0,2-1-0,6-2-4-5-1 | 7-8-3-0
17,1,5018.079937,5018.25,5018.25,5018.25,5018.25,0.659,0,0,0,1.81E-14,0.003388894,4548.002354,5018.25,9.367678245,0,0,2-1-0,6-2-4-5-1 | 7-8-3-0
17,2,5018.077497,5018.25,5018.25,5018.25,5018.25,0.482,0,0,0,1.81E-14,0.003437521,4547.75491,5018.25,9.372565237,0,0,2-1-0,6-2-4-5-1 | 7-8-3-0
17,3,5018.008396,5018.25,5018.25,5018.25,5018.25,0.717,0,0,0,1.81E-14,0.004814502,4548.173385,5018.25,9.362977779,0,0,2-1-0,6-2-4-5-1 | 7-8-3-0
17,4,5018.040778,5018.25,5018.25,5018.25,5018.25,0.815,0,0,0,1.81E-14,0.004169221,4548.276442,5018.25,9.361508931,0,0,2-1-0,6-2-4-5-1 | 7-8-3-0
18,0,5030.97964,5031.25,5031.25,5031.25,5031.25,0.768,0,0,0,1.81E-14,0.005373615,4560.8594,5031.25,9.344506898,0,0,1-0-2,4-0-2-3-9 | 5-6-1-7-8-10
18,1,5031.014411,5031.25,5031.25,5031.25,5031.25,0.694,0,0,0,1.81E-14,0.00468252,4560.927909,5031.25,9.343771727,0,0,1-0-2,4-0-2-3-9 | 5-6-1-7-8-10
18,2,5031.032039,5031.25,5031.25,5031.25,5031.25,3.065,0,0,0,1.81E-14,0.004332144,4560.905968,5031.25,9.344525486,0,0,1-0-2,4-0-2-3-9 | 5-6-1-7-8-10
18,3,5031.036137,5031.25,5031.25,5031.25,5031.25,0.824,0,0,0,1.81E-14,0.004250689,4560.792894,5031.25,9.346846866,0,0,1-0-2,4-0-2-3-9 | 5-6-1-7-8-10
18,4,5030.983511,5031.25,5031.25,5031.25,5031.25,0.676,0,0,0,1.81E-14,0.005296679,4560.983171,5031.25,9.342116485,0,0,1-0-2,4-0-2-3-9 | 5-6-1-7-8-10
19,0,4847.298439,4901.25,4916.25,4901.25,4916.25,0.205,0,0,0.306044376,1.86E-14,1.100771462,4389.998421,4916.25,9.434121372,0.305110603,0.305110603,2000/2/1,1-2-10-5-4 | 0-7-9-8-3-6
19,1,4846.209372,4901.25,4916.25,4901.25,4916.25,0.214,0,0,0.306044376,1.86E-14,1.122991653,4397.461393,4916.25,9.259772823,0.305110603,0.305110603,2000/2/1,1-2-10-5-4 | 0-7-9-8-3-6
19,2,4846.516068,4901.25,4916.25,4901.25,4916.25,0.209,0,0,0.306044376,1.86E-14,1.116734137,4402.032888,4916.25,9.171189644,0.305110603,0.305110603,2000/2/1,1-2-10-5-4 | 0-7-9-8-3-6
19,3,4846.928891,4901.25,4916.25,4901.25,4916.25,0.206,0,0,0.306044376,1.86E-14,1.108311339,4388.683543,4916.25,9.45434434,0.305110603,0.305110603,2000/2/1,1-2-10-5-4 | 0-7-9-8-3-6
19,4,4847.186724,4901.25,4916.25,4901.25,4916.25,0.217,0,0,0.306044376,1.86E-14,1.103050778,4401.493096,4916.25,9.194892901,0.305110603,0.305110603,2000/2/1,1-2-10-5-4 | 0-7-9-8-3-6
20,0,4847.664873,4935.75,4935.75,4935.75,4935.75,0.24,0,0,0,0,1.784635108,4429.693253,4935.75,8.622122831,0,0,1-2-0,4-5-7-9-11-1 | 6-8-10-0-2-3
20,1,4845.780565,4935.75,4935.75,4935.75,4935.75,0.238,0,0,0,0,1.822811828,4405.922479,4935.75,9.077135878,0,0,1-2-0,4-5-7-9-11-1 | 6-8-10-0-2-3
20,2,4846.32882,4935.75,4935.75,4935.75,4935.75,0.247,0,0,0,0,1.811703988,4414.860066,4935.75,8.903002061,0,0,1-2-0,4-5-7-9-11-1 | 6-8-10-0-2-3
20,3,4848.006287,4935.75,4935.75,4935.75,4935.75,0.255,0,0,0,0,1.777717932,4408.553332,4935.75,9.064611912,0,0,1-2-0,4-5-7-9-11-1 | 6-8-10-0-2-3
20,4,4845.74288,4935.75,4935.75,4935.75,4935.75,0.226,0,0,0,0,1.823575343,4406.21941,4935.75,9.070301116,0,0,1-2-0,4-5-7-9-11-1 | 6-8-10-0-2-3
21,0,4781.635928,4870.75,4870.75,4870.75,4870.75,0.237,0,0,0,0,1.829575986,4335.146619,4870.75,9.33758479,0,0,2000/1/2,0-1-3-5-7-9 | 2-4-6-8-10-11
21,1,4781.343905,4870.75,4870.75,4870.75,4870.75,0.229,0,0,0,0,1.835571431,4337.503286,4870.75,9.282758726,0,0,2000/1/2,0-1-3-5-7-9 | 2-4-6-8-10-11
21,2,4782.955285,4870.75,4870.75,4870.75,4870.75,0.232,0,0,0,0,1.802488638,4336.243541,4870.75,9.339659629,0,0,2000/1/2,0-1-3-5-7-9 | 2-4-6-8-10-11
21,3,4781.476933,4870.75,4870.75,4870.75,4870.75,0.238,0,0,0,0,1.83284027,4344.944213,4870.75,9.129662766,0,0,2000/1/2,0-1-3-5-7-9 | 2-4-6-8-10-11
21,4,4780.495864,4870.75,4870.75,4870.75,4870.75,0.251,0,0,0,0,1.852982304,4342.252207,4870.75,9.167326353,0,0,2000/1/2,0-1-3-5-7-9 | 2-4-6-8-10-11
22,0,5056.356743,5057.25,5057.25,5057.25,5057.25,0.278,0,0,0,1.80E-14,0.017662909,4587.032818,5057.25,9.281859417,0,0,2000/1/2,0-1-3-5-7-9 | 2-4-6-8-10-11
22,1,5056.711852,5057.25,5057.25,5057.25,5057.25,0.3,0,0,0,1.80E-14,0.010641109,4586.639795,5057.25,9.296002448,0,0,2000/1/2,0-1-3-5-7-9 | 2-4-6-8-10-11
22,2,5056.669455,5057.25,5057.25,5057.25,5057.25,0.308,0,0,0,1.80E-14,0.011479461,4586.62929,5057.25,9.295449694,0,0,2000/1/2,0-1-3-5-7-9 | 2-4-6-8-10-11
22,3,5056.815577,5057.25,5057.25,5057.25,5057.25,0.255,0,0,0,1.80E-14,0.008590109,4586.429974,5057.25,9.30201222,0,0,2000/1/2,0-1-3-5-7-9 | 2-4-6-8-10-11
22,4,5056.709936,5057.25,5057.25,5057.25,5057.25,0.289,0,0,0,1.80E-14,0.010679009,4586.815764,5057.25,9.292488154,0,0,2000/1/2,0-1-3-5-7-9 | 2-4-6-8-10-11
23,0,5277.50548,5278.25,5278.25,5278.25,5278.25,0.322,0,0,0,1.72E-14,0.014105434,4807.557695,5278.25,8.904733246,0,0,2000/1/2,0-1-3-5-7-9 | 2-4-6-8-10-11
23,1,5277.377358,5278.25,5278.25,5278.25,5278.25,0.299,0,0,0,1.72E-14,0.016532784,4807.565252,5278.25,8.902378474,0,0,2000/1/2,0-1-3-5-7-9 | 2-4-6-8-10-11
23,2,5277.435439,5278.25,5278.25,5278.25,5278.25,0.286,0,0,0,1.72E-14,0.01543241,4807.467148,5278.25,8.905239981,0,0,2000/1/2,0-1-3-5-7-9 | 2-4-6-8-10-11
23,3,5277.642653,5278.25,5278.25,5278.25,5278.25,0.287,0,0,0,1.72E-14,0.011506604,4807.400126,5278.25,8.910086528,0,0,2000/1/2,0-1-3-5-7-9 | 2-4-6-8-10-11
23,4,5277.706954,5278.25,5278.25,5278.25,5278.25,0.307,0,0,0,1.72E-14,0.010288366,4807.325435,5278.25,8.912611548,0,0,2000/1/2,0-1-3-5-7-9 | 2-4-6-8-10-11
24,0,5002.527677,5046.25,5046.25,5046.25,5046.25,0.239,0,0,0,0,0.866431955,4555.265266,5046.25,8.940728371,0,0,2-0-1,8-9-11-1-3-5 | 10-0-2-4-6-7
24,1,5002.757809,5046.25,5046.25,5046.25,5046.25,0.244,0,0,0,0,0.861871506,4559.174721,5046.25,8.866771191,0,0,2-0-1,8-9-11-1-3-5 | 10-0-2-4-6-7
24,2,5003.078785,5046.25,5046.25,5046.25,5046.25,0.241,0,0,0,0,0.85551082,4551.413598,5046.25,9.027744841,0,0,2-0-1,8-9-11-1-3-5 | 10-0-2-4-6-7
24,3,5001.811527,5046.25,5046.25,5046.25,5046.25,0.247,0,0,0,0,0.880623695,4549.843393,5046.25,9.036088851,0,0,2-0-1,8-9-11-1-3-5 | 10-0-2-4-6-7
24,4,5001.942891,5046.25,5046.25,5046.25,5046.25,0.262,0,0,0,0,0.87802049,4551.487049,5046.25,9.005617463,0,0,2-0-1,8-9-11-1-3-5 | 10-0-2-4-6-7
25,0,4640.824304,4641.25,4641.25,4641.25,4641.25,0.256,0,0,0,1.96E-14,0.009172023,4170.572731,4641.25,10.13293204,0,0,2-1-0,8-9-6-0-2-3 | 10-4-5-7-1
25,1,4640.659198,4641.25,4641.25,4641.25,4641.25,0.266,0,0,0,1.96E-14,0.012729373,4170.851837,4641.25,10.12372038,0,0,2-1-0,8-9-6-0-2-3 | 10-4-5-7-1
25,2,4640.752505,4641.25,4641.25,4641.25,4641.25,0.311,0,0,0,1.96E-14,0.010718995,4170.687352,4641.25,10.12907178,0,0,2-1-0,8-9-6-0-2-3 | 10-4-5-7-1
25,3,4640.690544,4641.25,4641.25,4641.25,4641.25,0.256,0,0,0,1.96E-14,0.012054002,4170.65331,4641.25,10.12860542,0,0,2-1-0,8-9-6-0-2-3 | 10-4-5-7-1
25,4,4640.706424,4641.25,4641.25,4641.25,4641.25,0.277,0,0,0,1.96E-14,0.011711837,4170.742212,4641.25,10.12699726,0,0,2-1-0,8-9-6-0-2-3 | 10-4-5-7-1
26,0,4275.609935,4316.25,4500.25,4316.25,4500.25,0.215,0,0,4.262959745,2.11E-14,0.941559576,3861.619166,4500.25,9.682613121,4.088661741,4.088661741,1-2-0,6-9-0-2 | 4-5-7-8-10-1-3
26,1,4275.443684,4363.25,4500.25,4316.25,4500.25,0.203,0,0,4.262959745,1.077178709,2.012406251,3844.912423,4500.25,10.06986158,3.044275318,3.044275318,1-2-0,6-9-0-2 | 4-5-7-8-10-1-3
26,2,4275.106469,4363.25,4500.25,4316.25,4500.25,0.206,0,0,4.262959745,1.077178709,2.020134783,3851.944088,4500.25,9.898288712,3.044275318,3.044275318,1-2-0,6-9-0-2 | 4-5-7-8-10-1-3
26,3,4275.332818,4316.25,4500.25,4316.25,4500.25,0.21,0,0,4.262959745,2.11E-14,0.947979892,3859.186354,4500.25,9.733662429,4.088661741,4.088661741,1-2-0,6-9-0-2 | 4-5-7-8-10-1-3
26,4,4276.14004,4316.25,4500.25,4316.25,4500.25,0.265,0,0,4.262959745,2.11E-14,0.92927797,3863.011687,4500.25,9.661244698,4.088661741,4.088661741,1-2-0,6-9-0-2 | 4-5-7-8-10-1-3
27,0,4328.202775,4368.25,4552.25,4368.25,4552.25,0.198,0,0,4.212213129,2.08E-14,0.916779595,3916.386073,4552.25,9.514727561,4.041957274,4.041957274,2000/1/2,0-1-3-7-8 | 2-5-4-6-9
27,1,4327.977286,4415.25,4552.25,4368.25,4552.25,0.189,0,0,4.212213129,1.064492384,1.976619987,3916.659217,4552.25,9.503702109,3.009500796,3.009500796,2000/1/2,0-1-3-7-8 | 2-5-4-6-9
27,2,4328.286549,4511.25,4552.25,4368.25,4552.25,0.187,0,0,4.212213129,3.169853145,4.055715177,3904.75486,4552.25,9.785204467,0.900653523,0.900653523,2000/1/2,0-1-3-7-8 | 2-5-4-6-9
27,3,4328.279469,4368.25,4552.25,4368.25,4552.25,0.199,0,0,4.212213129,2.08E-14,0.915023879,3914.698579,4552.25,9.555318526,4.041957274,4.041957274,2000/1/2,0-1-3-7-8 | 2-5-4-6-9
27,4,4327.100451,4368.25,4552.25,4368.25,4552.25,0.193,0,0,4.212213129,2.08E-14,0.942014517,3925.818462,4552.25,9.273692485,4.041957274,4.041957274,2000/1/2,0-1-3-7-8 | 2-5-4-6-9
28,0,4250.46901,4251.25,4251.25,4251.25,4251.25,0.229,0,0,0,2.14E-14,0.018370827,3780.124038,4251.25,11.06571936,0,0,2-0-1,7-0-1-4-5 | 8-2-3-6
28,1,4250.625644,4251.25,4251.25,4251.25,4251.25,0.23,0,0,0,2.14E-14,0.014686408,3780.07004,4251.25,11.07026692,0,0,2-0-1,7-0-1-4-5 | 8-2-3-6
28,2,4250.390948,4251.25,4251.25,4251.25,4251.25,0.222,0,0,0,2.14E-14,0.020207049,3780.085255,4251.25,11.06499847,0,0,2-0-1,7-0-1-4-5 | 8-2-3-6
28,3,4250.320971,4251.25,4251.25,4251.25,4251.25,0.183,0,0,0,2.14E-14,0.021853086,3780.115246,4251.25,11.06282863,0,0,2-0-1,7-0-1-4-5 | 8-2-3-6
28,4,4250.56115,4251.25,4251.25,4251.25,4251.25,0.219,0,0,0,2.14E-14,0.016203472,3780.131358,4251.25,11.06747497,0,0,2-0-1,7-0-1-4-5 | 8-2-3-6
29,0,4458.97739,4459.25,4459.25,4459.25,4459.25,0.727,0,0,0,2.04E-14,0.00611335,3988.856169,4459.25,10.54325197,0,0,1-2-0,3-5-6-8-2 | 4-7-0-1
29,1,4458.986816,4459.25,4459.25,4459.25,4459.25,1.064,0,0,0,2.04E-14,0.005901989,3989.189497,4459.25,10.53596564,0,0,1-2-0,3-5-6-8-2 | 4-7-0-1
29,2,4459.032944,4459.25,4459.25,4459.25,4459.25,0.777,0,0,0,2.04E-14,0.004867547,3988.668183,4459.25,10.54858232,0,0,1-2-0,3-5-6-8-2 | 4-7-0-1
29,3,4459.108893,4459.25,4459.25,4459.25,4459.25,1.2,0,0,0,2.04E-14,0.003164377,3988.660756,4459.25,10.55027243,0,0,1-2-0,3-5-6-8-2 | 4-7-0-1
29,4,4458.882771,4459.25,4459.25,4459.25,4459.25,0.857,0,0,0,2.04E-14,0.008235223,3989.132442,4459.25,10.53515764,0,0,1-2-0,3-5-6-8-2 | 4-7-0-1
30,0,4536.978709,4537.25,4537.25,4537.25,4537.25,4.149,0,0,0,2.00E-14,0.005979198,4066.822182,4537.25,10.36276687,0,0,2000/1/2,0-2-3-5-8 | 1-4-6-7-9
30,1,4537.008071,4537.25,4537.25,4537.25,4537.25,1.706,0,0,0,2.00E-14,0.005332058,4066.678245,4537.25,10.36651951,0,0,2000/1/2,0-2-3-5-8 | 1-4-6-7-9
30,2,4536.984778,4537.25,4537.25,4537.25,4537.25,0.785,0,0,0,2.00E-14,0.005845444,4066.810097,4537.25,10.36315313,0,0,2000/1/2,0-2-3-5-8 | 1-4-6-7-9
30,3,4536.989365,4537.25,4537.25,4537.25,4537.25,0.527,0,0,0,2.00E-14,0.005744347,4066.755336,4537.25,10.36445077,0,0,2000/1/2,0-2-3-5-8 | 1-4-6-7-9
30,4,4536.989605,4537.25,4537.25,4537.25,4537.25,0.507,0,0,0,2.00E-14,0.005739055,4066.597527,4537.25,10.36793377,0,0,2000/1/2,0-2-3-5-8 | 1-4-6-7-9
31,0,4872.953066,4888.25,4918.75,4888.25,5047.75,0.223,0,0,0.623945175,1.86E-14,0.312932734,4419.197586,5047.75,9.31171456,3.159823684,3.159823684,2-0-1,9-10-3-4-7 | 8-0-2-1-5-6
31,1,4874.744223,4888.25,4918.75,4888.25,5047.75,0.24,0,0,0.623945175,1.86E-14,0.276290645,4411.427853,5047.75,9.504424201,3.159823684,3.159823684,2-0-1,9-10-3-4-7 | 8-0-2-1-5-6
31,2,4872.436688,4888.25,4918.75,4888.25,5047.75,0.217,0,0,0.623945175,1.86E-14,0.323496387,4410.808825,5047.75,9.474271137,3.159823684,3.159823684,2-0-1,9-10-3-4-7 | 8-0-2-1-5-6
31,3,4873.43676,4888.25,4918.75,4888.25,5047.75,0.205,0,0,0.623945175,1.86E-14,0.303037694,4414.844263,5047.75,9.410043049,3.159823684,3.159823684,2-0-1,9-10-3-4-7 | 8-0-2-1-5-6
31,4,4873.586237,4888.25,4918.75,4888.25,5047.75,0.215,0,0,0.623945175,1.86E-14,0.2999798,4412.564139,5047.75,9.459606859,3.159823684,3.159823684,2-0-1,9-10-3-4-7 | 8-0-2-1-5-6
32,0,5068.372761,5096.25,5097,5096.25,5097,0.259,0,0,0.014716703,1.78E-14,0.547014753,4603.946639,5097,9.163219519,0.014714538,0.014714538,1-0-2,5-6-2-9-10 | 4-0-1-3-7-8-11
32,1,5067.822798,5097,5097,5096.25,5097,0.257,0,0,0.014716703,0.014714538,0.572438723,4603.538973,5097,9.161406067,0,0,1-0-2,5-6-2-9-10 | 4-0-1-3-7-8-11
32,2,5067.592898,5096.25,5097,5096.25,5097,0.238,0,0,0.014716703,1.78E-14,0.562317424,4605.677588,5097,9.115083219,0.014714538,0.014714538,1-0-2,5-6-2-9-10 | 4-0-1-3-7-8-11
32,3,5068.66545,5096.25,5097,5096.25,5097,0.284,0,0,0.014716703,1.78E-14,0.541271532,4603.724162,5097,9.172854111,0.014714538,0.014714538,1-0-2,5-6-2-9-10 | 4-0-1-3-7-8-11
32,4,5067.776334,5096.25,5097,5096.25,5097,0.243,0,0,0.014716703,1.78E-14,0.558718003,4604.909093,5097,9.133537281,0.014714538,0.014714538,1-0-2,5-6-2-9-10 | 4-0-1-3-7-8-11
33,0,4887.89622,4888.25,4888.25,4888.25,4888.25,5.057,0,0,0,1.86E-14,0.007237352,4416.978935,4888.25,9.634355238,0,0,2-0-1,8-0-3-2-4-7 | 9-1-5-6
33,1,4887.988591,4888.25,4888.25,4888.25,4888.25,0.893,0,0,0,1.86E-14,0.005347698,4416.974935,4888.25,9.636144759,0,0,2-0-1,8-0-3-2-4-7 | 9-1-5-6
33,2,4887.804526,4888.25,4888.25,4888.25,4888.25,0.517,0,0,0,1.86E-14,0.009113168,4416.938228,4888.25,9.633492819,0,0,2-0-1,8-0-3-2-4-7 | 9-1-5-6
33,3,4887.967582,4888.25,4888.25,4888.25,4888.25,1.819,0,0,0,1.86E-14,0.005777479,4416.983173,4888.25,9.635587828,0,0,2-0-1,8-0-3-2-4-7 | 9-1-5-6
33,4,4887.855701,4888.25,4888.25,4888.25,4888.25,1.324,0,0,0,1.86E-14,0.00806626,4416.976155,4888.25,9.633663003,0,0,2-0-1,8-0-3-2-4-7 | 9-1-5-6
34,0,4940.167168,4940.25,4940.25,4940.25,4940.25,8.255,0,0,0,1.84E-14,0.001676681,4469.353376,4940.25,9.530321056,0,0,1-2-0,5-7-8-0-1-3 | 6-9-2-4
34,1,4940.192957,4940.25,4940.25,4940.25,4940.25,0.986,0,0,0,1.84E-14,0.00115466,4469.337308,4940.25,9.531118573,0,0,1-2-0,5-7-8-0-1-3 | 6-9-2-4
34,2,4940.171099,4940.25,4940.25,4940.25,4940.25,0.994,0,0,0,1.84E-14,0.001597106,4469.325769,4940.25,9.530951878,0,0,1-2-0,5-7-8-0-1-3 | 6-9-2-4
34,3,4940.166668,4940.25,4940.25,4940.25,4940.25,1.294,0,0,0,1.84E-14,0.001686796,4469.423251,4940.25,9.528897477,0,0,1-2-0,5-7-8-0-1-3 | 6-9-2-4
34,4,4940.110784,4940.25,4940.25,4940.25,4940.25,0.737,0,0,0,1.84E-14,0.002818,4469.515646,4940.25,9.526003727,0,0,1-2-0,5-7-8-0-1-3 | 6-9-2-4
35,0,4835.842698,4836.25,4836.25,4836.25,4836.25,0.531,0,0,0,1.88E-14,0.008421854,4364.983882,4836.25,9.736851375,0,0,2-0-1,5-7-1-3 | 6-0-2-4
35,1,4835.986092,4836.25,4836.25,4836.25,4836.25,0.377,0,0,0,1.88E-14,0.005456883,4364.976377,4836.25,9.739682994,0,0,2-0-1,5-7-1-3 | 6-0-2-4
35,2,4836.026938,4836.25,4836.25,4836.25,4836.25,5.331,0,0,0,1.88E-14,0.004612296,4364.986653,4836.25,9.740232865,0,0,2-0-1,5-7-1-3 | 6-0-2-4
35,3,4835.961216,4836.25,4836.25,4836.25,4836.25,1.185,0,0,0,1.88E-14,0.005971248,4364.981357,4836.25,9.739115719,0,0,2-0-1,5-7-1-3 | 6-0-2-4
35,4,4835.871514,4836.25,4836.25,4836.25,4836.25,0.461,0,0,0,1.88E-14,0.007826021,4364.979025,4836.25,9.737489666,0,0,2-0-1,5-7-1-3 | 6-0-2-4
36,0,4795.59131,4810.25,4866.25,4810.25,4969.75,0.197,0,0,1.164180656,1.89E-14,0.304738638,4342.163036,4969.75,9.455106671,3.209416973,3.209416973,1-2-0,4-6-8-9-1 | 3-5-7-0-2
36,1,4795.239747,4810.25,4866.25,4810.25,4969.75,0.199,0,0,1.164180656,1.89E-14,0.312047245,4344.459905,4969.75,9.400569446,3.209416973,3.209416973,1-2-0,4-6-8-9-1 | 3-5-7-0-2
36,2,4795.990626,4849.25,4866.25,4810.25,4969.75,0.201,0,0,1.164180656,0.80424808,1.098301258,4344.816709,4969.75,9.407314407,2.424669249,2.424669249,1-2-0,4-6-8-9-1 | 3-5-7-0-2
36,3,4795.222195,4810.25,4866.25,4810.25,4969.75,0.2,0,0,1.164180656,1.89E-14,0.312412137,4338.881433,4969.75,9.516571774,3.209416973,3.209416973,1-2-0,4-6-8-9-1 | 3-5-7-0-2
36,4,4795.382542,4849.25,4866.25,4810.25,4969.75,0.186,0,0,1.164180656,0.80424808,1.110841011,4339.153204,4969.75,9.513929994,2.424669249,2.424669249,1-2-0,4-6-8-9-1 | 3-5-7-0-2
37,0,4859.406439,4875.25,4931.25,4875.25,5034.75,0.208,0,0,1.148659043,1.87E-14,0.32497945,4407.574631,5034.75,9.298086379,3.167982521,3.167982521,2000/1/2,1-3-4-7-9-10 | 0-2-5-6-8
37,1,4861.262917,4875.25,4931.25,4875.25,5034.75,0.222,0,0,1.148659043,1.87E-14,0.286899818,4412.680222,5034.75,9.227698693,3.167982521,3.167982521,2000/1/2,1-3-4-7-9-10 | 0-2-5-6-8
37,2,4858.41194,4875.25,4931.25,4875.25,5034.75,0.226,0,0,1.148659043,1.87E-14,0.345378381,4405.036808,5034.75,9.331755682,3.167982521,3.167982521,2000/1/2,1-3-4-7-9-10 | 0-2-5-6-8
37,3,4860.294567,4875.25,4931.25,4875.25,5034.75,0.212,0,0,1.148659043,1.87E-14,0.306762383,4407.964347,5034.75,9.306642098,3.167982521,3.167982521,2000/1/2,1-3-4-7-9-10 | 0-2-5-6-8
37,4,4860.231429,4875.25,4931.25,4875.25,5034.75,0.226,0,0,1.148659043,1.87E-14,0.30805745,4410.385964,5034.75,9.255638791,3.167982521,3.167982521,2000/1/2,1-3-4-7-9-10 | 0-2-5-6-8
38,0,4754.878303,4758.5,4758.5,4758.5,4837.25,0.217,0,0,0,0,0.076110061,4294.948537,4758.5,9.672797832,0,1.627991111,2-0-1,9-10-3-6 | 8-0-2-1-4-5-7
38,1,4757.58444,4758.5,4758.5,4758.5,4837.25,0.281,0,0,0,1.91E-14,0.019240509,4287.690848,4832,9.87672627,1.521109272,1.627991111,2-0-1,9-10-3-6 | 8-0-2-1-4-5-7
38,2,4756.24533,4758.5,4758.5,4758.5,4837.25,0.236,0,0,0,1.91E-14,0.047381945,4291.764992,4837.25,9.765693443,1.627991111,1.627991111,2-0-1,9-10-3-6 | 8-0-2-1-4-5-7
38,3,4755.900372,4758.5,4758.5,4758.5,4837.25,0.244,0,0,0,1.91E-14,0.054631245,4298.199257,4837.25,9.623858362,1.627991111,1.627991111,2-0-1,9-10-3-6 | 8-0-2-1-4-5-7
38,4,4756.014445,4758.5,4758.5,4758.5,4837.25,0.228,0,0,0,1.91E-14,0.052234007,4291.289643,4837.25,9.771307623,1.627991111,1.627991111,2-0-1,9-10-3-6 | 8-0-2-1-4-5-7
39,0,4731.799303,4732.25,4732.25,4732.25,4732.25,0.809,0,0,0,1.92E-14,0.00952394,4261.909791,4732.25,9.9304616,0,0,1-2-0,4-7-8-9-1 | 5-6-0-2-3
39,1,4731.857657,4732.25,4732.25,4732.25,4732.25,1.297,0,0,0,1.92E-14,0.00829083,4261.96406,4732.25,9.930425453,0,0,1-2-0,4-7-8-9-1 | 5-6-0-2-3
39,2,4731.757668,4732.25,4732.25,4732.25,4732.25,0.334,0,0,0,1.92E-14,0.01040377,4261.636331,4732.25,9.935448296,0,0,1-2-0,4-7-8-9-1 | 5-6-0-2-3
39,3,4731.916477,4732.25,4732.25,4732.25,4732.25,1.082,0,0,0,1.92E-14,0.007047884,4261.848164,4732.25,9.933994293,0,0,1-2-0,4-7-8-9-1 | 5-6-0-2-3
39,4,4731.891337,4732.25,4732.25,4732.25,4732.25,0.462,0,0,0,1.92E-14,0.007579121,4261.708979,4732.25,9.936457209,0,0,1-2-0,4-7-8-9-1 | 5-6-0-2-3
40,0,4615.081976,4615.25,4615.25,4615.25,4615.25,1.379,0,0,0,1.97E-14,0.003640632,4144.788828,4615.25,10.19035306,0,0,2000/2/1,0-6-8-3-4 | 1-2-7-9-5
40,1,4615.140118,4615.25,4615.25,4615.25,4615.25,7.92,0,0,0,1.97E-14,0.002380853,4144.474477,4615.25,10.1982958,0,0,2000/2/1,0-6-8-3-4 | 1-2-7-9-5
40,2,4615.079042,4615.25,4615.25,4615.25,4615.25,3.823,0,0,0,1.97E-14,0.003704191,4144.733645,4615.25,10.1914917,0,0,2000/2/1,0-6-8-3-4 | 1-2-7-9-5
40,3,4615.115828,4615.25,4615.25,4615.25,4615.25,1.172,0,0,0,1.97E-14,0.002907136,4144.631655,4615.25,10.19441745,0,0,2000/2/1,0-6-8-3-4 | 1-2-7-9-5
40,4,4615.116366,4615.25,4615.25,4615.25,4615.25,5.743,0,0,0,1.97E-14,0.002895493,4144.705354,4615.25,10.19283101,0,0,2000/2/1,0-6-8-3-4 | 1-2-7-9-5
41,0,4615.202354,4615.25,4615.25,4615.25,4615.25,7.098,0,0,0,1.97E-14,0.001032355,4144.248998,4615.25,10.20439236,0,0,2-1-0,7-3-4-0-1 | 8-5-6-2
41,1,4615.200137,4615.25,4615.25,4615.25,4615.25,0.33,0,0,0,1.97E-14,0.001080391,4144.160938,4615.25,10.20625726,0,0,2-1-0,7-3-4-0-1 | 8-5-6-2
41,2,4615.183321,4615.25,4615.25,4615.25,4615.25,0.612,0,0,0,1.97E-14,0.001444753,4144.372474,4615.25,10.2013466,0,0,2-1-0,7-3-4-0-1 | 8-5-6-2
41,3,4615.183542,4615.25,4615.25,4615.25,4615.25,1.498,0,0,0,1.97E-14,0.001439958,4144.272673,4615.25,10.20351336,0,0,2-1-0,7-3-4-0-1 | 8-5-6-2
41,4,4615.21702,4615.25,4615.25,4615.25,4615.25,0.412,0,0,0,1.97E-14,7.15E-04,4144.142496,4615.25,10.20698532,0,0,2-1-0,7-3-4-0-1 | 8-5-6-2
42,0,4628.05425,4628.25,4628.25,4628.25,4628.25,0.578,0,0,0,1.97E-14,0.004229458,4157.666738,4628.25,10.16382883,0,0,1-0-2,4-0-1-6-7 | 5-2-3
42,1,4628.141355,4628.25,4628.25,4628.25,4628.25,0.514,0,0,0,1.97E-14,0.002347434,4157.415941,4628.25,10.17093855,0,0,1-0-2,4-0-1-6-7 | 5-2-3
42,2,4628.144304,4628.25,4628.25,4628.25,4628.25,0.525,0,0,0,1.97E-14,0.002283706,4157.512364,4628.25,10.16891241,0,0,1-0-2,4-0-1-6-7 | 5-2-3
42,3,4628.149414,4628.25,4628.25,4628.25,4628.25,0.299,0,0,0,1.97E-14,0.00217331,4157.511307,4628.25,10.16903442,0,0,1-0-2,4-0-1-6-7 | 5-2-3
42,4,4628.116588,4628.25,4628.25,4628.25,4628.25,0.33,0,0,0,1.97E-14,0.00288255,4157.63781,4628.25,10.16566392,0,0,1-0-2,4-0-1-6-7 | 5-2-3
43,0,4406.934806,4407.25,4407.25,4407.25,4407.25,0.171,0,0,0,2.06E-14,0.007151707,3937.397946,4407.25,10.6544998,0,0,2-0-1,4-0-1-3 | 5-6-2
43,1,4406.943587,4407.25,4407.25,4407.25,4407.25,0.196,0,0,0,2.06E-14,0.006952468,3937.785682,4407.25,10.64587952,0,0,2-0-1,4-0-1-3 | 5-6-2
43,2,4406.863306,4407.25,4407.25,4407.25,4407.25,0.256,0,0,0,2.06E-14,0.008774035,3939.071612,4407.25,10.61507158,0,0,2-0-1,4-0-1-3 | 5-6-2
43,3,4407.05625,4407.25,4407.25,4407.25,4407.25,0.201,0,0,0,2.06E-14,0.004396155,3937.004478,4407.25,10.66589002,0,0,2-0-1,4-0-1-3 | 5-6-2
43,4,4406.870461,4407.25,4407.25,4407.25,4407.25,0.196,0,0,0,2.06E-14,0.008611707,3937.691049,4407.25,10.6465442,0,0,2-0-1,4-0-1-3 | 5-6-2
44,0,4550.085524,4550.25,4550.25,4550.25,4550.25,0.222,0,0,0,2.00E-14,0.003614665,4079.451149,4550.25,10.34341822,0,0,1-0-2,2-0-1-6 | 3-4-5-7
44,1,4549.935778,4550.25,4550.25,4550.25,4550.25,0.292,0,0,0,2.00E-14,0.006905592,4079.961373,4550.25,10.32925361,0,0,1-0-2,2-0-1-6 | 3-4-5-7
44,2,4549.907897,4550.25,4550.25,4550.25,4550.25,0.213,0,0,0,2.00E-14,0.00751833,4079.648225,4550.25,10.33558662,0,0,1-0-2,2-0-1-6 | 3-4-5-7
44,3,4550.047344,4550.25,4550.25,4550.25,4550.25,0.188,0,0,0,2.00E-14,0.004453727,4079.449085,4550.25,10.34271127,0,0,1-0-2,2-0-1-6 | 3-4-5-7
44,4,4549.988713,4550.25,4550.25,4550.25,4550.25,0.233,0,0,0,2.00E-14,0.005742259,4079.659051,4550.25,10.3369413,0,0,1-0-2,2-0-1-6 | 3-4-5-7
45,0,4419.957557,4420.25,4420.25,4420.25,4420.25,0.217,0,0,0,2.06E-14,0.006615975,3949.773166,4420.25,10.63775805,0,0,2000/2/1,0-6-7-4 | 1-2-3-5
45,1,4419.940532,4420.25,4420.25,4420.25,4420.25,0.238,0,0,0,2.06E-14,0.007001143,3949.835753,4420.25,10.63599783,0,0,2000/2/1,0-6-7-4 | 1-2-3-5
45,2,4419.997609,4420.25,4420.25,4420.25,4420.25,0.261,0,0,0,2.06E-14,0.005709891,3949.826559,4420.25,10.63735982,0,0,2000/2/1,0-6-7-4 | 1-2-3-5
45,3,4419.946069,4420.25,4420.25,4420.25,4420.25,0.263,0,0,0,2.06E-14,0.006875868,3949.828866,4420.25,10.63626559,0,0,2000/2/1,0-6-7-4 | 1-2-3-5
45,4,4420.040978,4420.25,4420.25,4420.25,4420.25,0.222,0,0,0,2.06E-14,0.004728728,3949.566898,4420.25,10.64411127,0,0,2000/2/1,0-6-7-4 | 1-2-3-5
46,0,4524.160499,4524.25,4524.25,4524.25,4524.25,0.407,0,0,0,2.01E-14,0.00197826,4053.252204,4524.25,10.40874421,0,0,1-2-0,3-5-0-1 | 4-6-2
46,1,4524.094293,4524.25,4524.25,4524.25,4524.25,4.872,0,0,0,2.01E-14,0.003441614,4053.397524,4524.25,10.40422101,0,0,1-2-0,3-5-0-1 | 4-6-2
46,2,4524.110954,4524.25,4524.25,4524.25,4524.25,3.751,0,0,0,2.01E-14,0.003073351,4053.390997,4524.25,10.40469523,0,0,1-2-0,3-5-0-1 | 4-6-2
46,3,4524.092465,4524.25,4524.25,4524.25,4524.25,3.588,0,0,0,2.01E-14,0.003482006,4053.406373,4524.25,10.40398923,0,0,1-2-0,3-5-0-1 | 4-6-2
46,4,4524.112241,4524.25,4524.25,4524.25,4524.25,3.577,0,0,0,2.01E-14,0.003044904,4053.347844,4524.25,10.40567457,0,0,1-2-0,3-5-0-1 | 4-6-2
47,0,4550.105069,4550.25,4550.25,4550.25,4550.25,0.82,0,0,0,2.00E-14,0.003185131,4079.52229,4550.25,10.34223982,0,0,2000/1/2,0-2-4-7 | 1-3-5-6
47,1,4550.155805,4550.25,4550.25,4550.25,4550.25,0.578,0,0,0,2.00E-14,0.0020701,4079.37183,4550.25,10.34654626,0,0,2000/1/2,0-2-4-7 | 1-3-5-6
47,2,4550.126134,4550.25,4550.25,4550.25,4550.25,0.549,0,0,0,2.00E-14,0.002722187,4079.428665,4550.25,10.34471253,0,0,2000/1/2,0-2-4-7 | 1-3-5-6
47,3,4550.152157,4550.25,4550.25,4550.25,4550.25,0.869,0,0,0,2.00E-14,0.002150267,4079.479365,4550.25,10.34411107,0,0,2000/1/2,0-2-4-7 | 1-3-5-6
47,4,4550.140663,4550.25,4550.25,4550.25,4550.25,0.936,0,0,0,2.00E-14,0.002402868,4079.427785,4550.25,10.34501818,0,0,2000/1/2,0-2-4-7 | 1-3-5-6
48,0,4641.127219,4641.25,4641.25,4641.25,4641.25,0.481,0,0,0,1.96E-14,0.002645421,4170.482344,4641.25,10.14074498,0,0,2000/2/1,0-6-7-2-3-4 | 1-8-5
48,1,4641.093248,4641.25,4641.25,4641.25,4641.25,0.985,0,0,0,1.96E-14,0.00337736,4170.574622,4641.25,10.13809896,0,0,2000/2/1,0-6-7-2-3-4 | 1-8-5
48,2,4641.148026,4641.25,4641.25,4641.25,4641.25,4.928,0,0,0,1.96E-14,0.002197122,4170.519894,4641.25,10.14033876,0,0,2000/2/1,0-6-7-2-3-4 | 1-8-5
48,3,4641.057659,4641.25,4641.25,4641.25,4641.25,0.463,0,0,0,1.96E-14,0.004144163,4170.625495,4641.25,10.13631373,0,0,2000/2/1,0-6-7-2-3-4 | 1-8-5
48,4,4641.108022,4641.25,4641.25,4641.25,4641.25,1.008,0,0,0,1.96E-14,0.003059039,4170.462703,4641.25,10.14079648,0,0,2000/2/1,0-6-7-2-3-4 | 1-8-5
49,0,4771.119992,4771.25,4771.25,4771.25,4771.25,0.551,0,0,0,1.91E-14,0.00272483,4300.75603,4771.25,9.858564919,0,0,1-2-0,4-5-8-3 | 6-7-0-1-2
49,1,4771.073709,4771.25,4771.25,4771.25,4771.25,0.461,0,0,0,1.91E-14,0.003694851,4300.705808,4771.25,9.858743135,0,0,1-2-0,4-5-8-3 | 6-7-0-1-2
49,2,4771.093375,4771.25,4771.25,4771.25,4771.25,0.586,0,0,0,1.91E-14,0.003282678,4301.003586,4771.25,9.852873373,0,0,1-2-0,4-5-8-3 | 6-7-0-1-2
49,3,4771.130994,4771.25,4771.25,4771.25,4771.25,0.528,0,0,0,1.91E-14,0.002494221,4300.682049,4771.25,9.860323381,0,0,1-2-0,4-5-8-3 | 6-7-0-1-2
49,4,4771.09745,4771.25,4771.25,4771.25,4771.25,0.91,0,0,0,1.91E-14,0.00319727,4300.81322,4771.25,9.856940363,0,0,1-2-0,4-5-8-3 | 6-7-0-1-2
50,0,4654.105295,4654.25,4654.25,4654.25,4654.25,0.932,0,0,0,1.95E-14,0.003109103,4183.669756,4654.25,10.10796939,0,0,2000/2/1,0-1-7-8 | 2-5-6-3-4
50,1,4654.085967,4654.25,4654.25,4654.25,4654.25,0.523,0,0,0,1.95E-14,0.003524361,4183.49815,4654.25,10.11128331,0,0,2000/2/1,0-1-7-8 | 2-5-6-3-4
50,2,4654.081073,4654.25,4654.25,4654.25,4654.25,0.528,0,0,0,1.95E-14,0.003629524,4183.429818,4654.25,10.11265698,0,0,2000/2/1,0-1-7-8 | 2-5-6-3-4
50,3,4654.102853,4654.25,4654.25,4654.25,4654.25,0.517,0,0,0,1.95E-14,0.003161569,4183.520025,4654.25,10.11113942,0,0,2000/2/1,0-1-7-8 | 2-5-6-3-4
50,4,4654.166727,4654.25,4654.25,4654.25,4654.25,0.957,0,0,0,1.95E-14,0.001789179,4183.511509,4654.25,10.11255602,0,0,2000/2/1,0-1-7-8 | 2-5-6-3-4
51,0,4796.695031,4797.25,4957.75,4797.25,4969.75,1.729,0,0,3.345666788,1.90E-14,0.01156849,4326.030933,4797.25,9.812258122,0,3.470999547,2000/1/2,1-4-8-7 | 0-2-5-3-6-9
51,1,4794.975279,4797.25,4957.75,4797.25,4969.75,0.175,0,0,3.345666788,1.90E-14,0.047417195,4324.450525,4969.75,9.812871311,3.470999547,3.470999547,2000/1/2,1-4-8-7 | 0-2-5-3-6-9
51,2,4796.603438,4797.25,4957.75,4797.25,4969.75,0.725,0,0,3.345666788,1.90E-14,0.013477762,4325.984011,4797.25,9.811514188,0,3.470999547,2000/1/2,1-4-8-7 | 0-2-5-3-6-9
51,3,4795.049963,4797.25,4957.75,4797.25,4969.75,0.173,0,0,3.345666788,1.90E-14,0.045860384,4324.561238,4969.75,9.811967092,3.470999547,3.470999547,2000/1/2,1-4-8-7 | 0-2-5-3-6-9
51,4,4796.771558,4797.25,4957.75,4797.25,4969.75,0.951,0,0,3.345666788,1.90E-14,0.009973257,4326.037637,4797.25,9.813557205,0,3.470999547,2000/1/2,1-4-8-7 | 0-2-5-3-6-9
52,0,4601.337147,4602.25,4602.25,4602.25,4602.25,0.303,0,0,0,1.98E-14,0.019834929,4132.836257,4602.25,10.18184225,0,0,2-0-1,8-9-2-3-5-7 | 10-0-1-4-6
52,1,4601.572367,4602.25,4602.25,4602.25,4602.25,0.283,0,0,0,1.98E-14,0.014723952,4131.904132,4602.25,10.20669019,0,0,2-0-1,8-9-2-3-5-7 | 10-0-1-4-6
52,2,4601.692095,4602.25,4602.25,4602.25,4602.25,0.307,0,0,0,1.98E-14,0.012122448,4131.924527,4602.25,10.20858323,0,0,2-0-1,8-9-2-3-5-7 | 10-0-1-4-6
52,3,4601.497292,4602.25,4602.25,4602.25,4602.25,0.293,0,0,0,1.98E-14,0.016355217,4132.150894,4602.25,10.19986253,0,0,2-0-1,8-9-2-3-5-7 | 10-0-1-4-6
52,4,4601.436548,4602.25,4602.25,4602.25,4602.25,0.278,0,0,0,1.98E-14,0.017675089,4132.098818,4602.25,10.19980881,0,0,2-0-1,8-9-2-3-5-7 | 10-0-1-4-6
53,0,4783.826946,4784.25,4784.25,4784.25,4784.25,0.271,0,0,0,1.90E-14,0.008842639,4313.5224,4784.25,9.831136271,0,0,1-0-2,4-5-2-3-8-10 | 6-0-1-7-9
53,1,4783.411463,4784.25,4784.25,4784.25,4784.25,0.305,0,0,0,1.90E-14,0.017527034,4313.930042,4784.25,9.814782287,0,0,1-0-2,4-5-2-3-8-10 | 6-0-1-7-9
53,2,4783.829872,4784.25,4784.25,4784.25,4784.25,0.318,0,0,0,1.90E-14,0.008781475,4313.579569,4784.25,9.829996389,0,0,1-0-2,4-5-2-3-8-10 | 6-0-1-7-9
53,3,4783.683782,4784.25,4784.25,4784.25,4784.25,0.296,0,0,0,1.90E-14,0.011835048,4313.699152,4784.25,9.824742841,0,0,1-0-2,4-5-2-3-8-10 | 6-0-1-7-9
53,4,4783.621024,4784.25,4784.25,4784.25,4784.25,0.296,0,0,0,1.90E-14,0.013146813,4313.759797,4784.25,9.822292036,0,0,1-0-2,4-5-2-3-8-10 | 6-0-1-7-9
54,0,4731.493278,4732.25,4732.25,4732.25,4732.25,0.297,0,0,0,1.92E-14,0.015990748,4262.217735,4732.25,9.918127636,0,0,2000/2/1,0-1-9-10-4-6 | 2-7-8-3-5
54,1,4731.490152,4732.25,4732.25,4732.25,4732.25,0.291,0,0,0,1.92E-14,0.016056792,4262.730626,4732.25,9.907228198,0,0,2000/2/1,0-1-9-10-4-6 | 2-7-8-3-5
54,2,4731.624996,4732.25,4732.25,4732.25,4732.25,0.288,0,0,0,1.92E-14,0.013207335,4262.210231,4732.25,9.920793921,0,0,2000/2/1,0-1-9-10-4-6 | 2-7-8-3-5
54,3,4731.484309,4732.25,4732.25,4732.25,4732.25,0.29,0,0,0,1.92E-14,0.016180275,4262.564486,4732.25,9.9106283,0,0,2000/2/1,0-1-9-10-4-6 | 2-7-8-3-5
54,4,4731.670516,4732.25,4732.25,4732.25,4732.25,0.324,0,0,0,1.92E-14,0.012245415,4262.101244,4732.25,9.923963866,0,0,2000/2/1,0-1-9-10-4-6 | 2-7-8-3-5
55,0,4808.972715,5066.25,5066.25,4987.5,5066.25,0.28,0,0,1.578947368,1.554404145,5.078258773,4415.965473,5066.25,8.17237412,0,0,2-1-0,8-9-11-5-0-2 | 10-4-6-7-1-3
55,1,4808.692133,5066.25,5066.25,4987.5,5066.25,0.268,0,0,1.578947368,1.554404145,5.083797035,4422.333476,5066.25,8.034589164,0,0,2-1-0,8-9-11-5-0-2 | 10-4-6-7-1-3
55,2,4808.17375,4987.5,5066.25,4987.5,5066.25,0.264,0,0,1.578947368,0,3.595513777,4424.31888,5066.25,7.98338184,1.554404145,1.554404145,2-0-1,8-9-11-1-3-5 | 10-0-2-4-6-7
55,3,4807.843609,5066.25,5066.25,4987.5,5066.25,0.249,0,0,1.578947368,1.554404145,5.100545587,4420.112141,5066.25,8.064560732,0,0,2-0-1,8-9-11-1-3-5 | 10-0-2-4-6-7
55,4,4807.541162,4988.5,5066.25,4987.5,5066.25,0.279,0,0,1.578947368,0.020046106,3.627520053,4425.359872,5066.25,7.949620767,1.53466568,1.53466568,2-0-1,8-9-11-1-3-5 | 10-0-2-4-6-7
56,0,4340.071705,4454,4454,4454,4454,0.248,0,0,0,2.04E-14,2.557887184,3935.169303,4454,9.3293943,0,0,2-1-0,8-4-6-0-2-3 | 9-10-5-7-1
56,1,4339.87777,4454,4454,4454,4454,0.236,0,0,0,2.04E-14,2.56224136,3947.007898,4454,9.052556137,0,0,2-1-0,8-4-6-0-2-3 | 9-10-5-7-1
56,2,4340.662557,4454,4454,4454,4454,0.253,0,0,0,2.04E-14,2.544621536,3949.416211,4454,9.013516738,0,0,2-1-0,8-4-6-0-2-3 | 9-10-5-7-1
56,3,4339.989314,4454,4454,4454,4454,0.248,0,0,0,2.04E-14,2.559736997,3959.856542,4454,8.758841199,0,0,2-1-0,8-4-6-0-2-3 | 9-10-5-7-1
56,4,4340.346031,4454,4454,4454,4454,0.255,0,0,0,2.04E-14,2.551728094,3940.782668,4454,9.205795105,0,0,2-1-0,8-4-6-0-2-3 | 9-10-5-7-1
57,0,4276.331548,4290.25,4311.25,4290.25,4311.25,0.201,0,0,0.489481965,2.12E-14,0.324420536,3818.387835,4311.25,10.70879813,0.487097709,0.487097709,1-2-0,5-6-1-2 | 4-7-8-0-3
57,1,4275.846767,4290.25,4311.25,4290.25,4311.25,0.195,0,0,0.489481965,2.12E-14,0.335720141,3817.466165,4311.25,10.72022987,0.487097709,0.487097709,1-2-0,5-6-1-2 | 4-7-8-0-3
57,2,4276.217758,4290.25,4311.25,4290.25,4311.25,0.217,0,0,0.489481965,2.12E-14,0.327072822,3816.435248,4311.25,10.75208363,0.487097709,0.487097709,1-2-0,5-6-1-2 | 4-7-8-0-3
57,3,4275.826201,4290.25,4311.25,4290.25,4311.25,0.192,0,0,0.489481965,2.12E-14,0.336199506,3818.67141,4311.25,10.69161301,0.487097709,0.487097709,1-2-0,5-6-1-2 | 4-7-8-0-3
57,4,4276.396435,4290.25,4311.25,4290.25,4311.25,0.201,0,0,0.489481965,2.12E-14,0.322908116,3821.696001,4311.25,10.63279424,0.487097709,0.487097709,1-2-0,5-6-1-2 | 4-7-8-0-3
58,0,4355.080451,4355.25,4355.25,4355.25,4355.25,0.212,0,0,0,2.09E-14,0.003892968,3884.52854,4355.25,10.80466634,0,0,2000/1/2,0-3-4-6 | 1-2-5-7
58,1,4355.013958,4355.25,4355.25,4355.25,4355.25,0.211,0,0,0,2.09E-14,0.005419723,3885.091194,4355.25,10.79038478,0,0,2000/1/2,0-3-4-6 | 1-2-5-7
58,2,4355.026318,4355.25,4355.25,4355.25,4355.25,0.237,0,0,0,2.09E-14,0.005135926,3885.041986,4355.25,10.79176789,0,0,2000/1/2,0-3-4-6 | 1-2-5-7
58,3,4355.006652,4355.25,4355.25,4355.25,4355.25,0.235,0,0,0,2.09E-14,0.005587474,3884.769768,4355.25,10.79761574,0,0,2000/1/2,0-3-4-6 | 1-2-5-7
58,4,4355.053409,4355.25,4355.25,4355.25,4355.25,0.301,0,0,0,2.09E-14,0.004513893,3884.979531,4355.25,10.79375689,0,0,2000/1/2,0-3-4-6 | 1-2-5-7
59,0,4550.066876,4550.25,4550.25,4550.25,4550.25,3.257,0,0,0,2.00E-14,0.004024488,4079.438357,4550.25,10.3433319,0,0,2-0-1,5-0-2-3 | 6-1-4
59,1,4550.221739,4550.25,4550.25,4550.25,4550.25,0.416,0,0,0,2.00E-14,6.21E-04,4079.253523,4550.25,10.35044539,0,0,2-0-1,5-0-2-3 | 6-1-4
59,2,4550.06444,4550.25,4550.25,4550.25,4550.25,3.459,0,0,0,2.00E-14,0.004078017,4079.428224,4550.25,10.34350661,0,0,2-0-1,5-0-2-3 | 6-1-4
59,3,4550.171643,4550.25,4550.25,4550.25,4550.25,0.333,0,0,0,2.00E-14,0.00172203,4079.233276,4550.25,10.34990336,0,0,2-0-1,5-0-2-3 | 6-1-4
59,4,4550.135303,4550.25,4550.25,4550.25,4550.25,3.789,0,0,0,2.00E-14,0.002520667,4079.332236,4550.25,10.34701248,0,0,2-0-1,5-0-2-3 | 6-1-4
60,0,4758.136462,4758.25,4758.25,4758.25,4758.25,1.177,0,0,0,1.91E-14,0.002386124,4287.522198,4758.25,9.890726511,0,0,1-0-2,3-0-5-2-6-7 | 4-1-8-9
60,1,4758.135001,4758.25,4758.25,4758.25,4758.25,16.864,0,0,0,1.91E-14,0.002416828,4287.381439,4758.25,9.893657111,0,0,1-0-2,3-0-5-2-6-7 | 4-1-8-9
60,2,4758.066876,4758.25,4758.25,4758.25,4758.25,1.164,0,0,0,1.91E-14,0.003848561,4287.60164,4758.25,9.887739043,0,0,1-0-2,3-0-5-2-6-7 | 4-1-8-9
60,3,4758.10194,4758.25,4758.25,4758.25,4758.25,1.551,0,0,0,1.91E-14,0.003111658,4287.426428,4758.25,9.8920855,0,0,1-0-2,3-0-5-2-6-7 | 4-1-8-9
60,4,4758.090884,4758.25,4758.25,4758.25,4758.25,1.406,0,0,0,1.91E-14,0.00334401,4287.416858,4758.25,9.892077244,0,0,1-0-2,3-0-5-2-6-7 | 4-1-8-9
61,0,4654.122747,4654.25,4654.25,4654.25,4654.25,4.276,0,0,0,1.95E-14,0.002734125,4183.42563,4654.25,10.11355184,0,0,2000/2/1,0-7-2-5-4 | 1-8-3-6
61,1,4654.166991,4654.25,4654.25,4654.25,4654.25,5.851,0,0,0,1.95E-14,0.001783517,4183.4653,4654.25,10.11355398,0,0,2000/2/1,0-7-2-5-4 | 1-8-3-6
61,2,4654.134531,4654.25,4654.25,4654.25,4654.25,0.751,0,0,0,1.95E-14,0.002480943,4183.425109,4654.25,10.11379063,0,0,2000/2/1,0-7-2-5-4 | 1-8-3-6
61,3,4654.082519,4654.25,4654.25,4654.25,4654.25,6.944,0,0,0,1.95E-14,0.003598447,4183.582216,4654.25,10.10941042,0,0,2000/2/1,0-7-2-5-4 | 1-8-3-6
61,4,4654.093071,4654.25,4654.25,4654.25,4654.25,5.798,0,0,0,1.95E-14,0.00337174,4183.518998,4654.25,10.11097255,0,0,2000/2/1,0-7-2-5-4 | 1-8-3-6
62,0,4914.08372,4914.25,4914.25,4914.25,4914.25,0.912,0,0,0,1.85E-14,0.003383638,4443.478921,4914.25,9.57665408,0,0,1-2-0,5-7-8-10-1-4 | 6-9-0-3-2
62,1,4914.114458,4914.25,4914.25,4914.25,4914.25,1.709,0,0,0,1.85E-14,0.002758137,4443.554311,4914.25,9.575685538,0,0,1-2-0,5-7-8-10-1-4 | 6-9-0-3-2
62,2,4914.134229,4914.25,4914.25,4914.25,4914.25,2.688,0,0,0,1.85E-14,0.002355829,4443.487958,4914.25,9.577399566,0,0,1-2-0,5-7-8-10-1-4 | 6-9-0-3-2
62,3,4914.151003,4914.25,4914.25,4914.25,4914.25,1.061,0,0,0,1.85E-14,0.002014497,4443.476421,4914.25,9.577942997,0,0,1-2-0,5-7-8-10-1-4 | 6-9-0-3-2
62,4,4914.120671,4914.25,4914.25,4914.25,4914.25,12.625,0,0,0,1.85E-14,0.002631716,4443.534139,4914.25,9.576210339,0,0,1-2-0,5-7-8-10-1-4 | 6-9-0-3-2
63,0,4626.7489,4641.25,4788.75,4641.25,4878.75,0.243,0,0,3.178023162,1.96E-14,0.312439533,4156.25746,4641.25,10.1689426,0,4.868050218,2000/2/1,1-7-9-2-3-5 | 0-6-8-4
63,1,4626.183059,4641.25,4788.75,4641.25,4878.75,0.228,0,0,3.178023162,1.96E-14,0.324631091,4163.187935,4878.75,10.00814534,4.868050218,4.868050218,2000/2/1,1-7-9-2-3-5 | 0-6-8-4
63,2,4625.514169,4641.25,4788.75,4641.25,4878.75,0.322,0,0,3.178023162,1.96E-14,0.339042945,4162.214529,4878.75,10.016176,4.868050218,4.868050218,2000/2/1,1-7-9-2-3-5 | 0-6-8-4
63,3,4626.098077,4641.25,4788.75,4641.25,4878.75,0.247,0,0,3.178023162,1.96E-14,0.326462121,4162.90301,4878.75,10.01265124,4.868050218,4.868050218,2000/2/1,1-7-9-2-3-5 | 0-6-8-4
63,4,4624.406884,4641.25,4788.75,4641.25,4878.75,0.298,0,0,3.178023162,1.96E-14,0.362900433,4162.629592,4878.75,9.985654444,4.868050218,4.868050218,2000/2/1,1-7-9-2-3-5 | 0-6-8-4
64,0,4757.619307,4953.25,4952.75,4944.75,5015.25,0.307,0,0,0.161787755,0.171604502,3.949542071,4353.211345,5015.25,8.500216951,1.2362295,1.2362295,1-0-2,6-5-2-8-10-11 | 4-7-0-1-3-9
64,1,4756.271071,4952.75,4952.75,4944.75,5015.25,0.31,0,0,0.161787755,0.161526425,3.967067365,4341.910097,5015.25,8.711887278,1.246199093,1.246199093,1-2-0,6-5-8-11-0-1 | 4-7-10-9-2-3
64,2,4755.706792,4944.75,4952.75,4944.75,5015.25,0.296,0,0,0.161787755,1.84E-14,3.823109514,4337.827693,5015.25,8.786897882,1.405712577,1.405712577,1-0-2,4-5-7-1-3-9 | 6-0-2-8-10-11
64,3,4755.577408,4952.75,4952.75,4944.75,5015.25,0.314,0,0,0.161787755,0.161526425,3.981072983,4336.014279,5015.25,8.822548608,1.246199093,1.246199093,1-0-2,4-5-7-1-3-9 | 6-0-2-8-10-11
64,4,4755.667462,4952.75,4952.75,4944.75,5015.25,0.29,0,0,0.161787755,0.161526425,3.979254715,4359.605251,5015.25,8.328214998,1.246199093,1.246199093,1-0-2,4-5-7-1-3-9 | 6-0-2-8-10-11
65,0,4677.484175,4732.25,4840.75,4732.25,4930.75,0.237,0,0,2.292778277,1.92E-14,1.157289354,4227.054794,4930.75,9.629736056,4.025756731,4.025756731,2-0-1,8-1-0-3-4-7 | 9-2-6-5
65,1,4678.239549,4732.25,4840.75,4732.25,4930.75,0.226,0,0,2.292778277,1.92E-14,1.141327095,4231.285873,4930.75,9.553886053,4.025756731,4.025756731,2-0-1,8-1-0-3-4-7 | 9-2-6-5
65,2,4677.397543,4732.25,4840.75,4732.25,4930.75,0.226,0,0,2.292778277,1.92E-14,1.15912002,4229.869512,4930.75,9.567885272,4.025756731,4.025756731,2-0-1,8-1-0-3-4-7 | 9-2-6-5
65,3,4677.550823,4732.25,4840.75,4732.25,4930.75,0.205,0,0,2.292778277,1.92E-14,1.155880962,4229.836909,4930.75,9.571545681,4.025756731,4.025756731,2-0-1,8-1-0-3-4-7 | 9-2-6-5
65,4,4679.266271,4810.25,4840.75,4732.25,4930.75,0.223,0,0,2.292778277,1.621537342,2.723012921,4215.158348,4930.75,9.91839096,2.443847285,2.443847285,2-0-1,8-1-0-3-4-7 | 9-2-6-5
66,0,4601.775998,4602.25,4602.25,4602.25,4602.25,0.357,0,0,0,1.98E-14,0.010299355,4131.678204,4602.25,10.21557316,0,0,2-1-0,6-7-5-2 | 8-4-0-1-3
66,1,4601.990532,4602.25,4602.25,4602.25,4602.25,0.397,0,0,0,1.98E-14,0.005637848,4131.312278,4602.25,10.22771017,0,0,2-1-0,6-7-5-2 | 8-4-0-1-3
66,2,4601.985886,4602.25,4602.25,4602.25,4602.25,0.231,0,0,0,1.98E-14,0.005738802,4131.38226,4602.25,10.22609885,0,0,2-1-0,6-7-5-2 | 8-4-0-1-3
66,3,4601.935981,4602.25,4602.25,4602.25,4602.25,0.238,0,0,0,1.98E-14,0.006823166,4131.490172,4602.25,10.22278038,0,0,2-1-0,6-7-5-2 | 8-4-0-1-3
66,4,4601.975224,4602.25,4602.25,4602.25,4602.25,0.332,0,0,0,1.98E-14,0.005970475,4131.542839,4602.25,10.2224015,0,0,2-1-0,6-7-5-2 | 8-4-0-1-3
67,0,4445.707396,4446.25,4446.25,4446.25,4446.25,0.277,0,0,0,2.05E-14,0.012203635,3976.084267,4446.25,10.56351863,0,0,1-2-0,2-3-6-7 | 4-5-0-1
67,1,4445.90032,4446.25,4446.25,4446.25,4446.25,0.296,0,0,0,2.05E-14,0.0078646,3975.716081,4446.25,10.57568109,0,0,1-2-0,2-3-6-7 | 4-5-0-1
67,2,4446.026789,4446.25,4446.25,4446.25,4446.25,0.256,0,0,0,2.05E-14,0.005020213,3975.577828,4446.25,10.58133437,0,0,1-2-0,2-3-6-7 | 4-5-0-1
67,3,4445.874214,4446.25,4446.25,4446.25,4446.25,0.273,0,0,0,2.05E-14,0.008451746,3975.782742,4446.25,10.5736566,0,0,1-2-0,2-3-6-7 | 4-5-0-1
67,4,4445.766665,4446.25,4446.25,4446.25,4446.25,0.268,0,0,0,2.05E-14,0.010870625,3976.166829,4446.25,10.56285387,0,0,1-2-0,2-3-6-7 | 4-5-0-1
68,0,4562.910082,4563.25,4563.25,4563.25,4563.25,0.304,0,0,0,1.99E-14,0.007449023,4092.546594,4563.25,10.30841021,0,0,2000/1/2,0-1-4-5-7-10 | 2-3-6-9-8
68,1,4562.691185,4563.25,4563.25,4563.25,4563.25,0.33,0,0,0,1.99E-14,0.012245981,4092.597658,4563.25,10.30298805,0,0,2000/1/2,0-1-4-5-7-10 | 2-3-6-9-8
68,2,4562.83696,4563.25,4563.25,4563.25,4563.25,0.314,0,0,0,1.99E-14,0.009051453,4092.388571,4563.25,10.31043609,0,0,2000/1/2,0-1-4-5-7-10 | 2-3-6-9-8
68,3,4562.755233,4563.25,4563.25,4563.25,4563.25,0.723,0,0,0,1.99E-14,0.01084243,4092.769171,4563.25,10.30048815,0,0,2000/1/2,0-1-4-5-7-10 | 2-3-6-9-8
68,4,4562.813402,4563.25,4563.25,4563.25,4563.25,0.343,0,0,0,1.99E-14,0.009567696,4092.477122,4563.25,10.30803232,0,0,2000/1/2,0-1-4-5-7-10 | 2-3-6-9-8
69,0,4835.655435,4836.25,4836.25,4836.25,4876.25,0.326,0,0,0,1.88E-14,0.012293927,4365.939592,4876.25,9.713592082,0.820302487,0.820302487,2000/2/1,0-8-10-9-3-4-7 | 1-2-11-6-5
69,1,4834.140457,4836.25,4836.25,4836.25,4876.25,0.347,0,0,0,1.88E-14,0.043619398,4367.719209,4876.25,9.648483564,0.820302487,0.820302487,2000/2/1,0-8-10-9-3-4-7 | 1-2-11-6-5
69,2,4835.85196,4836.25,4836.25,4836.25,4876.25,0.31,0,0,0,1.88E-14,0.008230342,4365.661501,4836.25,9.723011843,0,0.820302487,2000/2/1,0-8-10-9-3-4-7 | 1-2-11-6-5
69,3,4833.318891,4836.25,4836.25,4836.25,4876.25,0.283,0,0,0,1.88E-14,0.060607066,4380.501126,4876.25,9.368671405,0.820302487,0.820302487,2000/2/1,0-8-10-9-3-4-7 | 1-2-11-6-5
69,4,4834.090613,4836.25,4836.25,4836.25,4876.25,0.282,0,0,0,1.88E-14,0.044650025,4370.739999,4836.25,9.585062657,0,0.820302487,2000/2/1,0-8-10-9-3-4-7 | 1-2-11-6-5
70,0,4988.84409,5164.75,5162.75,5162.75,5164.75,0.299,0,0,0,0.038724043,3.405893983,4571.223155,5164.75,8.371096156,0,0,2-1-0,9-10-5-7-0-3-4 | 11-12-6-8-1-2
70,1,4990.892118,5164.75,5162.75,5162.75,5164.75,0.312,0,0,0,0.038724043,3.366240031,4570.795329,5164.75,8.417268486,0,0,2-1-0,9-10-5-7-0-3-4 | 11-12-6-8-1-2
70,2,4990.230294,5164.75,5162.75,5162.75,5164.75,0.338,0,0,0,0.038724043,3.37905429,4576.639794,5164.75,8.288004264,0,0,2-1-0,9-10-5-7-0-3-4 | 11-12-6-8-1-2
70,3,4990.39021,5164.75,5162.75,5162.75,5164.75,0.302,0,0,0,0.038724043,3.37595798,4567.214665,5164.75,8.479808747,0,0,2-1-0,9-10-5-7-0-3-4 | 11-12-6-8-1-2
70,4,4989.421744,5162.75,5162.75,5162.75,5164.75,0.32,0,0,0,0,3.357285471,4562.676375,5164.75,8.553002559,0.038724043,0.038724043,2-1-0,11-10-5-6-0-3-2-4 | 9-12-7-8-1
71,0,4899.506747,5009,5009,5009,5073.75,0.326,0,0,0,0,2.18593039,4460.691375,5073.75,8.956317323,1.276176398,1.276176398,1-2-0,6-5-10-0-2-3 | 4-8-7-9-11-1
71,1,4899.604647,5025.5,5009,5009,5073.75,0.297,0,0,0,0.32832554,2.505130902,4453.216342,5073.75,9.110700497,0.950973146,0.950973146,1-2-0,6-5-10-0-2-3 | 4-8-7-9-11-1
71,2,4900.261003,5009,5009,5009,5073.75,0.295,0,0,0,0,2.170872377,4446.989661,5073.75,9.249942842,1.276176398,1.276176398,1-2-0,6-5-10-0-2-3 | 4-8-7-9-11-1
71,3,4898.716703,5038.25,5009,5009,5073.75,0.392,0,0,0,0.580558726,2.769479431,4452.953589,5073.75,9.099589549,0.699679724,0.699679724,1-2-0,6-5-10-0-2-3 | 4-8-7-9-11-1
71,4,4898.323293,5009,5009,5009,5073.75,0.307,0,0,0,0,2.209556939,4444.063396,5073.75,9.273783483,1.276176398,1.276176398,1-2-0,6-5-10-0-2-3 | 4-8-7-9-11-1
72,0,4508.642961,4656,4656,4656,4753.75,0.266,0,0,0,1.95E-14,3.164884855,4084.736771,4753.75,9.402079374,2.056271365,2.056271365,2-0-1,8-0-2-1-4-5 | 9-10-3-6-7
72,1,4508.833802,4656,4656,4656,4753.75,0.307,0,0,0,1.95E-14,3.160786042,4085.969962,4753.75,9.37856346,2.056271365,2.056271365,2-0-1,8-0-2-1-4-5 | 9-10-3-6-7
72,2,4508.508101,4656,4656,4656,4753.75,0.273,0,0,0,1.95E-14,3.167781338,4078.689742,4753.75,9.533494205,2.056271365,2.056271365,2-0-1,8-0-2-1-4-5 | 9-10-3-6-7
72,3,4509.247684,4682.5,4656,4656,4753.75,0.264,0,0,0,0.565936999,3.699996081,4073.853663,4753.75,9.655580062,1.498816724,1.498816724,2-0-1,8-0-2-1-4-5 | 9-10-3-6-7
72,4,4510.05941,4656,4656,4656,4753.75,0.274,0,0,0,1.95E-14,3.134462847,4086.712378,4753.75,9.3867285,2.056271365,2.056271365,2-0-1,8-0-2-1-4-5 | 9-10-3-6-7
73,0,4587.103812,4708.5,4708.5,4708.5,4786.25,0.236,0,0,0,1.93E-14,2.578234861,4136.576594,4786.25,9.821605004,1.624445025,1.624445025,1-2-0,4-7-9-2-1-3 | 5-6-8-0
73,1,4587.813156,4708.5,4708.5,4708.5,4786.25,0.244,0,0,0,1.93E-14,2.563169665,4141.654567,4786.25,9.724863992,1.624445025,1.624445025,1-2-0,4-7-9-2-1-3 | 5-6-8-0
73,2,4586.779759,4708.5,4708.5,4708.5,4786.25,0.22,0,0,0,1.93E-14,2.585117141,4129.712313,4786.25,9.964887582,1.624445025,1.624445025,1-2-0,4-7-9-2-1-3 | 5-6-8-0
73,3,4587.017221,4708.5,4708.5,4708.5,4786.25,0.241,0,0,0,1.93E-14,2.580073897,4155.939048,4786.25,9.397788412,1.624445025,1.624445025,1-2-0,4-7-9-2-1-3 | 5-6-8-0
73,4,4587.340627,4708.5,4708.5,4708.5,4786.25,0.215,0,0,0,1.93E-14,2.573205325,4137.284173,4786.25,9.810835742,1.624445025,1.624445025,1-2-0,4-7-9-2-1-3 | 5-6-8-0
74,0,4444.585344,4511.25,4565.5,4511.25,4643.25,0.217,0,0,1.202549183,2.02E-14,1.477742449,4011.780156,4643.25,9.737808003,2.842836375,2.842836375,2-0-1,8-0-2-3-4 | 6-7-1-5
74,1,4445.077752,4511.25,4565.5,4511.25,4643.25,0.194,0,0,1.202549183,2.02E-14,1.466827329,4012.18159,4565.5,9.738775931,1.188259774,2.842836375,2-0-1,8-0-2-3-4 | 6-7-1-5
74,2,4444.848993,4511.25,4565.5,4511.25,4643.25,0.27,0,0,1.202549183,2.02E-14,1.47189819,4011.180685,4643.25,9.756648837,2.842836375,2.842836375,2-0-1,8-0-2-3-4 | 6-7-1-5
74,3,4443.599282,4511.25,4565.5,4511.25,4643.25,0.19,0,0,1.202549183,2.02E-14,1.49960029,4001.989416,4643.25,9.938111832,2.842836375,2.842836375,2-0-1,8-0-2-3-4 | 6-7-1-5
74,4,4444.193514,4565.5,4565.5,4511.25,4643.25,0.199,0,0,1.202549183,1.188259774,2.657025204,4012.830499,4643.25,9.706215861,1.674473698,1.674473698,2-0-1,8-0-2-3-4 | 6-7-1-5
75,0,4485.094024,4485.25,4485.25,4485.25,4485.25,0.418,0,0,0,2.03E-14,0.003477525,4014.667694,4485.25,10.48866149,0,0,2-1-0,6-3-4-0-1 | 7-5-2
75,1,4485.096063,4485.25,4485.25,4485.25,4485.25,0.484,0,0,0,2.03E-14,0.003432068,4014.550145,4485.25,10.49132308,0,0,2-1-0,6-3-4-0-1 | 7-5-2
75,2,4485.080191,4485.25,4485.25,4485.25,4485.25,0.507,0,0,0,2.03E-14,0.003785953,4014.734624,4485.25,10.48689313,0,0,2-1-0,6-3-4-0-1 | 7-5-2
75,3,4485.124949,4485.25,4485.25,4485.25,4485.25,0.307,0,0,0,2.03E-14,0.00278806,4014.530976,4485.25,10.49232693,0,0,2-1-0,6-3-4-0-1 | 7-5-2
75,4,4485.09626,4485.25,4485.25,4485.25,4485.25,0.447,0,0,0,2.03E-14,0.003427676,4014.523626,4485.25,10.49191827,0,0,2-1-0,6-3-4-0-1 | 7-5-2
76,0,4446.104256,4446.25,4446.25,4446.25,4446.25,0.732,0,0,0,2.05E-14,0.003277919,3975.57838,4446.25,10.58287995,0,0,1-0-2,3-0-1-5-7 | 4-2-6
76,1,4446.032444,4446.25,4446.25,4446.25,4446.25,0.325,0,0,0,2.05E-14,0.004893032,3975.561973,4446.25,10.5818047,0,0,1-0-2,3-0-1-5-7 | 4-2-6
76,2,4446.10518,4446.25,4446.25,4446.25,4446.25,0.308,0,0,0,2.05E-14,0.003257118,3975.389104,4446.25,10.58715567,0,0,1-0-2,3-0-1-5-7 | 4-2-6
76,3,4446.06119,4446.25,4446.25,4446.25,4446.25,1.687,0,0,0,2.05E-14,0.004246501,3975.669177,4446.25,10.57997165,0,0,1-0-2,3-0-1-5-7 | 4-2-6
76,4,4446.102676,4446.25,4446.25,4446.25,4446.25,3.671,0,0,0,2.05E-14,0.003313447,3975.487979,4446.25,10.58488145,0,0,1-0-2,3-0-1-5-7 | 4-2-6
77,0,4537.131461228899,4537.250000000001,4537.25,4537.25,4537.250000000001,0.387,0.0,0.0,0.0,2.0045064780934004E-14,0.0026125686506599075,4066.4484512981735,4537.250000000001,10.374021867182996,0.0,0.0,0-1-2,0-2-4-7 | 1-3-5-6
77,1,4537.066967839833,4537.250000000001,4537.25,4537.25,4537.250000000001,1.053,0.0,0.0,0.0,2.0045064780934004E-14,0.0040339888736193805,4066.7021519378914,4537.250000000001,10.367156121697917,0.0,0.0,0-1-2,0-2-4-7 | 1-3-5-6
77,2,4537.104575590855,4537.250000000001,4537.25,4537.25,4537.250000000001,0.188,0.0,0.0,0.0,2.0045064780934004E-14,0.003205122246857944,4066.476202748143,4537.250000000001,10.372879112697634,0.0,0.0,0-1-2,0-2-4-7 | 1-3-5-6
77,3,4537.027672622333,4537.250000000001,4537.25,4537.25,4537.250000000001,0.139,0.0,0.0,0.0,2.0045064780934004E-14,0.004900046893340235,4066.49713648142,4537.250000000001,10.370898528572413,0.0,0.0,0-1-2,0-2-4-7 | 1-3-5-6
77,4,4537.084548416528,4537.250000000001,4537.25,4537.25,4537.250000000001,3.203,0.0,0.0,0.0,2.0045064780934004E-14,0.0036465167992182843,4066.6060107513044,4537.250000000001,10.369622444647279,0.0,0.0,0-1-2,0-2-4-7 | 1-3-5-6
78,0,4822.968320842095,4823.250000000001,4823.25,4823.25,4838.25,0.206,0.0,0.0,0.0,1.8856470259118397E-14,0.005840028153344379,4352.287771843305,4823.250000000001,9.759146601995694,0.0,0.31002945279799704,0-2-1,0-6-7-5-4 | 1-2-8-3
78,1,4822.972448647857,4823.250000000001,4823.25,4823.25,4838.25,0.212,0.0,0.0,0.0,1.8856470259118397E-14,0.005754446734955601,4352.470291826199,4823.250000000001,9.755439448001937,0.0,0.31002945279799704,0-2-1,0-6-7-5-4 | 1-2-8-3
78,2,4822.775881139481,4823.250000000001,4823.25,4823.25,4838.25,0.283,0.0,0.0,0.0,1.8856470259118397E-14,0.009829862862599296,4352.81884409973,4838.25,9.744534032311563,0.31002945279799704,0.31002945279799704,0-2-1,0-6-7-5-4 | 1-2-8-3
78,3,4822.813250090271,4823.250000000001,4823.25,4823.25,4838.25,0.713,0.0,0.0,0.0,1.8856470259118397E-14,0.009055095832265993,4353.007858095457,4838.25,9.74131420050363,0.31002945279799704,0.31002945279799704,0-2-1,0-6-7-5-4 | 1-2-8-3
78,4,4822.7709864027165,4823.250000000001,4823.25,4823.25,4838.25,0.242,0.0,0.0,0.0,1.8856470259118397E-14,0.009931344991124089,4352.738369518758,4823.250000000001,9.746111067872903,0.0,0.31002945279799704,0-2-1,0-6-7-5-4 | 1-2-8-3
79,0,4625.837892552516,4745.250000000001,4901.0,4732.5,4970.5,0.168,0.0,0.0,3.5604860010565242,0.26868974237397203,2.516455559717299,4204.970201802819,4970.5,9.098193679188002,4.531737249773646,4.531737249773646,0-2-1,2-8-9-5 | 0-1-6-7-3-4
79,1,4626.608751514347,4745.250000000001,4901.0,4732.5,4970.5,0.177,0.0,0.0,3.5604860010565242,0.26868974237397203,2.5002107051399545,4212.651580784932,4970.5,8.94731309609705,4.531737249773646,4.531737249773646,0-2-1,2-8-9-5 | 0-1-6-7-3-4
79,2,4626.763911004249,4732.500000000001,4901.0,4732.5,4970.5,0.187,0.0,0.0,3.5604860010565242,1.921806025933287E-14,2.2342543897676013,4201.533152806896,4970.5,9.19067335996955,4.788250679006118,4.788250679006118,1-2-0,3-6-8-7-0-1 | 4-5-9-2
79,3,4627.352437190968,4783.500000000001,4901.0,4732.5,4970.5,0.163,0.0,0.0,3.5604860010565242,1.0661649419881027,3.2642952400759464,4189.582683640894,4970.5,9.460480036740442,3.7621969620762314,3.7621969620762314,1-2-0,3-6-8-7-0-1 | 4-5-9-2
79,4,4626.981439510066,4783.500000000001,4901.0,4732.5,4970.5,0.167,0.0,0.0,3.5604860010565242,1.0661649419881027,3.2720510189178467,4197.1652664555695,4970.5,9.289342926346553,3.7621969620762314,3.7621969620762314,1-2-0,3-6-8-7-0-1 | 4-5-9-2
80,0,4587.131209359943,4693.500000000001,4862.0,4693.5,4931.5,0.331,0.0,0.0,3.5900713753062745,1.9377750117671844E-14,2.266300002984089,4155.221176744725,4931.5,9.415689521457645,4.826117814052501,4.826117814052501,2-1-0,8-9-6-1 | 7-3-5-4-0-2
80,1,4588.185172802979,4706.500000000001,4862.0,4693.5,4931.5,0.554,0.0,0.0,3.5900713753062745,0.27621374694573264,2.51386013379416,4160.815001568675,4931.5,9.314579842321793,4.562506336814338,4.562506336814338,2-1-0,8-9-6-1 | 7-3-5-4-0-2
80,2,4587.21135815653,4693.500000000001,4862.0,4693.5,4931.5,0.203,0.0,0.0,3.5900713753062745,1.9377750117671844E-14,2.2645923477888767,4153.0068227116435,4931.5,9.465544566042862,4.826117814052501,4.826117814052501,2-1-0,8-9-6-1 | 7-3-5-4-0-2
80,3,4586.2434432440805,4706.500000000001,4862.0,4693.5,4931.5,0.194,0.0,0.0,3.5900713753062745,0.27621374694573264,2.5551164720263553,4152.602346112525,4931.5,9.455256845781813,4.562506336814338,4.562506336814338,2-1-0,8-9-6-1 | 7-3-5-4-0-2
80,4,4587.973495688793,4706.500000000001,4862.0,4693.5,4931.5,0.177,0.0,0.0,3.5900713753062745,0.27621374694573264,2.5183576821673777,4156.940905224113,4931.5,9.394836105084554,4.562506336814338,4.562506336814338,2-1-0,8-9-6-1 | 7-3-5-4-0-2
81,0,4704.994420087021,4889.250000000001,4979.0,4810.5,5048.5,0.208,0.0,0.0,3.502754391435402,1.61067648412335,3.7685857731345203,4323.05140039273,5048.5,8.117820885475716,3.1544022977121737,3.1544022977121737,1-0-2,5-0-1-3-8 | 4-6-2-7-9-10
81,1,4703.919558571351,4810.500000000001,4979.0,4810.5,5048.5,0.208,0.0,0.0,3.502754391435402,1.8906448430993203E-14,2.2155792834143946,4311.857877286996,5048.5,8.33478711535259,4.714271565811609,4.714271565811609,1-0-2,5-6-3-9-10 | 4-0-2-1-7-8
81,2,4704.3854927127595,4889.250000000001,4979.0,4810.5,5048.5,0.202,0.0,0.0,3.502754391435402,1.61067648412335,3.781040185861663,4325.585579753128,5048.5,8.052059371971215,3.1544022977121737,3.1544022977121737,1-0-2,5-6-3-9-10 | 4-0-2-1-7-8
81,3,4703.67017695704,4810.500000000001,4979.0,4810.5,5048.5,0.201,0.0,0.0,3.502754391435402,1.8906448430993203E-14,2.2207633934717994,4349.605367987569,5048.5,7.527415733866945,4.714271565811609,4.714271565811609,1-0-2,5-6-3-9-10 | 4-0-2-1-7-8
81,4,4704.2225514095335,4810.500000000001,4979.0,4810.5,5048.5,0.195,0.0,0.0,3.502754391435402,1.8906448430993203E-14,2.209280710746646,4302.163805834681,5048.5,8.54676285360656,4.714271565811609,4.714271565811609,1-0-2,5-6-3-9-10 | 4-0-2-1-7-8
82,0,4586.581847368764,4630.500000000001,4630.5,4630.5,4812.25,0.17,0.0,0.0,0.0,1.964139297641568E-14,0.9484537875226606,4176.142216749244,4812.25,8.948703942893374,3.7768195750428406,3.7768195750428406,2-0-1,8-9-3-5-4 | 7-0-1-2-6
82,1,4587.149445154664,4630.500000000001,4630.5,4630.5,4812.25,0.172,0.0,0.0,0.0,1.964139297641568E-14,0.9361959798150689,4146.551971792933,4812.25,9.605038567625646,3.7768195750428406,3.7768195750428406,2-0-1,8-9-3-5-4 | 7-0-1-2-6
82,2,4588.29327777034,4630.500000000001,4630.5,4630.5,4812.25,0.182,0.0,0.0,0.0,1.964139297641568E-14,0.9114938393188845,4145.657701762024,4812.25,9.647063716541957,3.7768195750428406,3.7768195750428406,2-0-1,8-9-3-5-4 | 7-0-1-2-6
82,3,4587.490219943748,4630.500000000001,4630.5,4630.5,4812.25,0.192,0.0,0.0,0.0,1.964139297641568E-14,0.9288366279290046,4175.829056539519,4720.000000000001,8.973559477349186,1.8961864406779658,3.7768195750428406,2-0-1,8-9-3-5-4 | 7-0-1-2-6
82,4,4586.4531769155465,4630.500000000001,4630.5,4630.5,4812.25,0.167,0.0,0.0,0.0,1.964139297641568E-14,0.9512325469053976,4170.462414789483,4812.25,9.069988203952912,3.7768195750428406,3.7768195750428406,2-0-1,8-9-3-5-4 | 7-0-1-2-6
83,0,4691.534411535466,4734.500000000001,4734.5,4734.5,4916.25,0.179,0.0,0.0,0.0,1.9209941953171994E-14,0.907500020372486,4264.192843493207,4916.25,9.108780423554357,3.6969234680904974,3.6969234680904974,1-2-0,4-7-9-1-0 | 5-6-8-2-3
83,1,4690.6881145725165,4734.500000000001,4734.5,4734.5,4916.25,0.159,0.0,0.0,0.0,1.9209941953171994E-14,0.9253751278378795,4269.544813203966,4734.500000000001,8.978284018930786,0.0,3.6969234680904974,1-2-0,4-7-9-1-0 | 5-6-8-2-3
83,2,4714.506064067393,4734.500000000001,4734.5,4734.5,4916.25,0.359,0.0,0.0,0.0,1.9209941953171994E-14,0.4223030083981013,4319.792522764218,4734.500000000001,8.372320152721144,0.0,3.6969234680904974,1-2-0,4-7-9-1-0 | 5-6-8-2-3
83,3,4691.717785698194,4734.500000000001,4734.5,4734.5,4916.25,0.176,0.0,0.0,0.0,1.9209941953171994E-14,0.9036268729920066,4259.3772768642375,4734.500000000001,9.214972608792975,0.0,3.6969234680904974,1-2-0,4-7-9-1-0 | 5-6-8-2-3
83,4,4690.563943731626,4734.500000000001,4734.5,4734.5,4916.25,0.172,0.0,0.0,0.0,1.9209941953171994E-14,0.9279978090268256,4255.871268103259,4916.25,9.267386200102461,3.6969234680904974,3.6969234680904974,1-2-0,4-7-9-1-0 | 5-6-8-2-3
84,0,4652.428492539652,4695.500000000001,4695.5,4695.5,4877.25,0.172,0.0,0.0,0.0,1.9369496364027857E-14,0.9172933119017905,4200.021404466768,4877.25,9.7241062124509,3.7264852119534386,3.7264852119534386,0-1-2,1-2-4-8 | 0-3-5-6-7-9-10
84,1,4653.007031769935,4695.500000000001,4695.5,4695.5,4877.25,0.165,0.0,0.0,0.0,1.9369496364027857E-14,0.904972169738393,4199.655339172305,4877.25,9.743198097536117,3.7264852119534386,3.7264852119534386,0-1-2,1-2-4-8 | 0-3-5-6-7-9-10
84,2,4652.000329636968,4695.500000000001,4695.5,4695.5,4877.25,0.175,0.0,0.0,0.0,1.9369496364027857E-14,0.9264118914499657,4194.371092977508,4877.25,9.83725718469956,3.7264852119534386,3.7264852119534386,0-1-2,1-2-4-8 | 0-3-5-6-7-9-10
84,3,4651.785327429953,4695.500000000001,4695.5,4695.5,4877.25,0.166,0.0,0.0,0.0,1.9369496364027857E-14,0.9309907905451537,4198.964753973626,4877.25,9.734339432780837,3.7264852119534386,3.7264852119534386,0-1-2,1-2-4-8 | 0-3-5-6-7-9-10
84,4,4651.904251197853,4695.500000000001,4695.5,4695.5,4877.25,0.174,0.0,0.0,0.0,1.9369496364027857E-14,0.9284580726684628,4202.097817395948,4877.25,9.66929690537119,3.7264852119534386,3.7264852119534386,0-1-2,1-2-4-8 | 0-3-5-6-7-9-10
85,0,4849.127591105209,4849.250000000001,4849.25,4849.25,4849.250000000001,0.608,0.0,0.0,0.0,1.87553683924922E-14,0.002524285091343777,4378.485037860064,4849.250000000001,9.705716015978792,0.0,0.0,2-0-1,8-9-2-3-6-7 | 10-0-1-5-4
85,1,4849.046406944428,4849.250000000001,4849.25,4849.25,4849.250000000001,0.808,0.0,0.0,0.0,1.87553683924922E-14,0.004198444204217918,4379.007508367517,4849.250000000001,9.693429576251472,0.0,0.0,2-0-1,8-9-2-3-6-7 | 10-0-1-5-4
85,2,4849.120407401969,4849.250000000001,4849.25,4849.25,4849.250000000001,0.781,0.0,0.0,0.0,1.87553683924922E-14,0.0026724255922483766,4378.641713774455,4849.250000000001,9.70235123279985,0.0,0.0,2-0-1,8-9-2-3-6-7 | 10-0-1-5-4
85,3,4848.968500981918,4849.250000000001,4849.25,4849.25,4849.250000000001,2.205,0.0,0.0,0.0,1.87553683924922E-14,0.005805001146222519,4378.622965633346,4849.250000000001,9.699909068358071,0.0,0.0,2-0-1,8-9-2-3-6-7 | 10-0-1-5-4
85,4,4849.094576319702,4849.250000000001,4849.25,4849.25,4849.250000000001,0.942,0.0,0.0,0.0,1.87553683924922E-14,0.0032051076001145375,4378.764624155242,4849.250000000001,9.699335510206211,0.0,0.0,2-0-1,8-9-2-3-6-7 | 10-0-1-5-4
86,0,4770.469998293678,4771.250000000001,4771.25,4771.25,4771.250000000001,0.471,0.0,0.0,0.0,1.906197960226205E-14,0.016347952975064483,4300.441573111468,4771.250000000001,9.85287456687354,0.0,0.0,1-2-0,5-6-10-11-3-4 | 7-8-9-0-2-1
86,1,4770.347509963858,4771.250000000001,4771.25,4771.25,4771.250000000001,0.647,0.0,0.0,0.0,1.906197960226205E-14,0.01891516973838738,4300.532454774793,4771.250000000001,9.848654719761168,0.0,0.0,1-2-0,5-6-10-11-3-4 | 7-8-9-0-2-1
86,2,4770.78013125888,4771.250000000001,4771.25,4771.25,4771.250000000001,0.707,0.0,0.0,0.0,1.906197960226205E-14,0.00984791702637653,4300.901003123726,4771.250000000001,9.849104658092172,0.0,0.0,1-2-0,5-6-10-11-3-4 | 7-8-9-0-2-1
86,3,4770.412938845175,4771.250000000001,4771.25,4771.25,4771.250000000001,0.297,0.0,0.0,0.0,1.906197960226205E-14,0.01754385443701729,4300.414645662203,4771.250000000001,9.852360774804316,0.0,0.0,1-2-0,5-6-10-11-3-4 | 7-8-9-0-2-1
86,4,4770.442605538861,4771.250000000001,4771.25,4771.25,4771.250000000001,0.318,0.0,0.0,0.0,1.906197960226205E-14,0.016922074113485258,4300.62634214848,4771.250000000001,9.848483720250346,0.0,0.0,1-2-0,5-6-10-11-3-4 | 7-8-9-0-2-1
87,0,4757.651209570373,4758.250000000001,4758.25,4758.25,4758.250000000001,0.328,0.0,0.0,0.0,1.91140587773431E-14,0.012584257439773545,4287.733936152893,4758.250000000001,9.87708540870348,0.0,0.0,0-1-2,0-1-5-6-8-10 | 2-3-4-7-9
87,1,4757.51313752416,4758.250000000001,4758.25,4758.25,4758.250000000001,0.237,0.0,0.0,0.0,1.91140587773431E-14,0.015485997495739142,4287.686879268036,4758.250000000001,9.875458977726005,0.0,0.0,0-1-2,0-1-5-6-8-10 | 2-3-4-7-9
87,2,4757.8315030320155,4758.250000000001,4758.25,4758.25,4758.250000000001,0.867,0.0,0.0,0.0,1.91140587773431E-14,0.00879518663343556,4288.906096018621,4758.250000000001,9.855864099318428,0.0,0.0,0-1-2,0-1-5-6-8-10 | 2-3-4-7-9
87,3,4757.972733295466,4758.250000000001,4758.25,4758.25,4758.250000000001,1.786,0.0,0.0,0.0,1.91140587773431E-14,0.005827073073812176,4288.530692491445,4758.250000000001,9.866429824596253,0.0,0.0,0-1-2,0-1-5-6-8-10 | 2-3-4-7-9
87,4,4757.656680030384,4758.250000000001,4758.25,4758.25,4758.250000000001,0.24,0.0,0.0,0.0,1.91140587773431E-14,0.012469289541668873,4287.41940114652,4758.250000000001,9.883800166952392,0.0,0.0,0-1-2,0-1-5-6-8-10 | 2-3-4-7-9
88,0,4602.069067838913,4602.250000000001,4602.25,4602.25,4602.250000000001,5.018,0.0,0.0,0.0,1.9761957776585974E-14,0.003931384889740762,4131.573712653368,4602.250000000001,10.22356136446438,0.0,0.0,2-0-1,8-0-1-3-5-7 | 9-2-4-6
88,1,4601.999181660249,4602.250000000001,4602.25,4602.25,4602.250000000001,1.148,0.0,0.0,0.0,1.9761957776585974E-14,0.00544990688798275,4131.843223695061,4602.250000000001,10.216341624719083,0.0,0.0,2-0-1,8-0-1-3-5-7 | 9-2-4-6
88,2,4602.011508681659,4602.250000000001,4602.25,4602.25,4602.250000000001,0.484,0.0,0.0,0.0,1.9761957776585974E-14,0.0051820591741498665,4131.686743738621,4602.250000000001,10.219982371964385,0.0,0.0,2-0-1,8-0-1-3-5-7 | 9-2-4-6
88,3,4602.007121681852,4602.250000000001,4602.25,4602.25,4602.250000000001,1.327,0.0,0.0,0.0,1.9761957776585974E-14,0.005277382109805886,4131.805983044682,4602.250000000001,10.217305758217309,0.0,0.0,2-0-1,8-0-1-3-5-7 | 9-2-4-6
88,4,4602.095038020779,4602.250000000001,4602.25,4602.25,4602.250000000001,0.614,0.0,0.0,0.0,1.9761957776585974E-14,0.00336709173170096,4131.573121549736,4602.250000000001,10.224080828052601,0.0,0.0,2-0-1,8-0-1-3-5-7 | 9-2-4-6
89,0,4784.065279030228,4784.250000000001,4784.25,4784.25,4784.250000000001,7.921,0.0,0.0,0.0,1.901018345138586E-14,0.003861022517062658,4313.442814508091,4784.250000000001,9.8372918652468,0.0,0.0,1-0-2,4-0-1-6-8-9 | 5-2-3-7
89,1,4784.026334530027,4784.250000000001,4784.25,4784.25,4784.250000000001,7.097,0.0,0.0,0.0,1.901018345138586E-14,0.004675037257117398,4313.57785615759,4784.250000000001,9.83373513178316,0.0,0.0,1-0-2,4-0-1-6-8-9 | 5-2-3-7
89,2,4784.113026946558,4784.250000000001,4784.25,4784.25,4784.250000000001,7.463,0.0,0.0,0.0,1.901018345138586E-14,0.002862999497151881,4313.4314907476855,4784.250000000001,9.838428430677851,0.0,0.0,1-0-2,4-0-1-6-8-9 | 5-2-3-7
89,3,4784.044040216822,4784.250000000001,4784.25,4784.25,4784.250000000001,7.606,0.0,0.0,0.0,1.901018345138586E-14,0.004304954448001547,4313.541999216695,4784.250000000001,9.834818347090362,0.0,0.0,1-0-2,4-0-1-6-8-9 | 5-2-3-7
89,4,4784.01358548743,4784.250000000001,4784.25,4784.25,4784.250000000001,0.926,0.0,0.0,0.0,1.901018345138586E-14,0.0049415166968944544,4313.5315159783995,4784.250000000001,9.834463491831706,0.0,0.0,1-0-2,4-0-1-6-8-9 | 5-2-3-7
90,0,4809.89690059509,4810.250000000001,4810.25,4810.25,4810.250000000001,1.783,0.0,0.0,0.0,1.890743104356173E-14,0.00734056244292102,4340.063492426959,4810.250000000001,9.768055695954786,0.0,0.0,0-2-1,0-6-7-10-4-5 | 1-9-8-2-3
90,1,4810.043853635925,4810.250000000001,4810.25,4810.25,4810.250000000001,1.058,0.0,0.0,0.0,1.890743104356173E-14,0.0042855644524862745,4339.784736518713,4810.250000000001,9.77660768647135,0.0,0.0,0-2-1,0-6-7-10-4-5 | 1-9-8-2-3
90,2,4810.012703052712,4810.250000000001,4810.25,4810.25,4810.250000000001,1.611,0.0,0.0,0.0,1.890743104356173E-14,0.0049331520667116316,4339.8351018458825,4810.250000000001,9.774976288699353,0.0,0.0,0-2-1,0-6-7-10-4-5 | 1-9-8-2-3
90,3,4810.016554321707,4810.250000000001,4810.25,4810.25,4810.250000000001,0.801,0.0,0.0,0.0,1.890743104356173E-14,0.004853088265552092,4339.605178474087,4810.250000000001,9.779828625017204,0.0,0.0,0-2-1,0-6-7-10-4-5 | 1-9-8-2-3
90,4,4810.02762357577,4810.250000000001,4810.25,4810.25,4810.250000000001,6.449,0.0,0.0,0.0,1.890743104356173E-14,0.004622970203851939,4339.780494391163,4810.250000000001,9.776391446896215,0.0,0.0,0-2-1,0-6-7-10-4-5 | 1-9-8-2-3
91,0,4768.796278174622,5033.25,5110.75,5033.25,5110.75,0.281,0.0,0.0,1.5397605920627826,0.0,5.254134442465169,4424.07130120835,5110.75,7.228762917467811,1.516411485594091,1.516411485594091,2-0-1,9-10-12-1-4-7-6 | 11-0-2-3-5-8
91,1,4767.805433413406,5033.25,5110.75,5033.25,5110.75,0.27,0.0,0.0,1.5397605920627826,0.0,5.273820425899651,4413.732113013054,5110.75,7.426337449069535,1.516411485594091,1.516411485594091,2-0-1,9-10-12-1-4-7-6 | 11-0-2-3-5-8
91,2,4768.36145554707,5033.25,5110.75,5033.25,5110.75,0.275,0.0,0.0,1.5397605920627826,0.0,5.2627734456450534,4395.963587814884,5110.75,7.809765916528273,1.516411485594091,1.516411485594091,2-0-1,9-10-12-1-4-7-6 | 11-0-2-3-5-8
91,3,4770.393158458645,5033.25,5110.75,5033.25,5110.75,0.248,0.0,0.0,1.5397605920627826,0.0,5.222407818831862,4424.680946842133,5110.75,7.247038139896513,1.516411485594091,1.516411485594091,2-0-1,9-10-12-1-4-7-6 | 11-0-2-3-5-8
91,4,4769.871471755573,5033.25,5110.75,5033.25,5110.75,0.258,0.0,0.0,1.5397605920627826,0.0,5.232772626919523,4429.686152730202,5110.75,7.1319598659995895,1.516411485594091,1.516411485594091,2-0-1,9-10-12-1-4-7-6 | 11-0-2-3-5-8
92,0,4313.90615515908,4363.25,4343.0,4343.0,4402.250000000001,0.234,0.0,0.0,0.0,0.4641035925055864,1.13089657573872,3877.9938602472016,4402.250000000001,10.104816359775539,0.8859106138906446,0.8859106138906446,2-1-0,11-7-6-8-4 | 9-10-5-0-3-1-2
92,1,4313.615329119397,4343.0,4343.0,4343.0,4402.250000000001,0.242,0.0,0.0,0.0,0.0,0.6765984545384102,3867.799210008585,4402.250000000001,10.335092146517923,1.3459026634107762,1.3459026634107762,2-1-0,9-10-5-6-8-1-2 | 11-7-0-3-4
92,2,4314.336385573335,4402.250000000001,4343.0,4343.0,4402.250000000001,0.225,0.0,0.0,0.0,1.3459026634107762,1.9970154904120807,3879.086662882469,4402.250000000001,10.088451242380934,0.0,0.0,2-1-0,9-10-5-6-8-1-2 | 11-7-0-3-4
92,3,4314.172968791089,4402.250000000001,4343.0,4343.0,4402.250000000001,0.223,0.0,0.0,0.0,1.3459026634107762,2.0007276099474502,3888.3720345324123,4402.250000000001,9.86981600735388,0.0,0.0,2-1-0,9-10-5-6-8-1-2 | 11-7-0-3-4
92,4,4314.400697222808,4343.0,4343.0,4343.0,4402.250000000001,0.235,0.0,0.0,0.0,0.0,0.658514915431544,3875.2460560533304,4402.25,10.178809804387495,1.3459026634107558,1.3459026634107762,2-1-0,9-10-5-6-8-1-2 | 11-7-0-3-4
93,0,4145.406048698067,4186.250000000001,4154.5,4154.5,4233.250000000001,0.181,0.0,0.0,0.0,0.7584353538369878,0.9756691860718752,3690.1127750568294,4233.250000000001,10.983080265061849,1.1102580759463767,1.1102580759463767,1-2-0,6-8-0-1-3 | 4-5-7-2
93,1,4145.845292032568,4186.250000000001,4154.5,4154.5,4233.250000000001,0.175,0.0,0.0,0.0,0.7584353538369878,0.9651766609121011,3694.135297514219,4233.250000000001,10.89548602757656,1.1102580759463767,1.1102580759463767,1-2-0,6-8-0-1-3 | 4-5-7-2
93,2,4145.734347400095,4186.250000000001,4154.5,4154.5,4233.250000000001,0.169,0.0,0.0,0.0,0.7584353538369878,0.9678268760801546,3687.313762318598,4233.250000000001,11.057644959064625,1.1102580759463767,1.1102580759463767,1-2-0,6-8-0-1-3 | 4-5-7-2
93,3,4146.308984122725,4186.250000000001,4154.5,4154.5,4233.250000000001,0.186,0.0,0.0,0.0,0.7584353538369878,0.9541001105351132,3688.322001008386,4233.250000000001,11.045654939564026,1.1102580759463767,1.1102580759463767,1-2-0,6-8-0-1-3 | 4-5-7-2
93,4,4145.438065102686,4186.250000000001,4154.5,4154.5,4233.250000000001,0.195,0.0,0.0,0.0,0.7584353538369878,0.9749043869170506,3687.5585857445785,4233.250000000001,11.04538222902542,1.1102580759463767,1.1102580759463767,1-2-0,6-8-0-1-3 | 4-5-7-2
94,0,4354.976085564398,4355.250000000001,4355.25,4355.25,4355.250000000001,0.178,0.0,0.0,0.0,2.088272089484939E-14,0.00628929305098029,3884.544658422049,4355.250000000001,10.802158677787135,0.0,0.0,0-1-2,0-1-4-6 | 2-3-5-7
94,1,4354.912716558407,4355.250000000001,4355.25,4355.25,4355.250000000001,0.2,0.0,0.0,0.0,2.088272089484939E-14,0.007744295771633809,3884.807946995234,4355.250000000001,10.794814963241937,0.0,0.0,0-1-2,0-1-4-6 | 2-3-5-7
94,2,4354.902417239338,4355.250000000001,4355.25,4355.25,4355.250000000001,0.168,0.0,0.0,0.0,2.088272089484939E-14,0.007980776319673722,3884.53795922937,4355.250000000001,10.800803621867196,0.0,0.0,0-1-2,0-1-4-6 | 2-3-5-7
94,3,4355.073971768782,4355.250000000001,4355.25,4355.25,4355.250000000001,0.206,0.0,0.0,0.0,2.088272089484939E-14,0.004041748033267417,3884.3606443069853,4355.250000000001,10.808388801502261,0.0,0.0,0-1-2,0-1-4-6 | 2-3-5-7
94,4,4354.946912191323,4355.250000000001,4355.25,4355.25,4355.250000000001,0.181,0.0,0.0,0.0,2.088272089484939E-14,0.00695913687339087,3884.528773284163,4355.250000000001,10.801925910744444,0.0,0.0,0-1-2,0-1-4-6 | 2-3-5-7
95,0,4732.180843470972,4732.250000000001,4732.25,4732.25,4732.250000000001,0.802,0.0,0.0,0.0,1.9219075530095155E-14,0.001461387902773253,4261.392356688543,4732.250000000001,9.948657973035399,0.0,0.0,0-2-1,0-5-6-2-4 | 1-7-3
95,1,4732.184234131535,4732.250000000001,4732.25,4732.25,4732.250000000001,0.839,0.0,0.0,0.0,1.9219075530095155E-14,0.0013897378301201322,4261.325617677312,4732.250000000001,9.950132817274737,0.0,0.0,0-2-1,0-5-6-2-4 | 1-7-3
95,2,4732.199097531882,4732.250000000001,4732.25,4732.25,4732.250000000001,0.885,0.0,0.0,0.0,1.9219075530095155E-14,0.0010756504436302587,4261.304815299712,4732.250000000001,9.950855247780453,0.0,0.0,0-2-1,0-5-6-2-4 | 1-7-3
95,3,4732.225376017205,4732.250000000001,4732.25,4732.25,4732.250000000001,0.379,0.0,0.0,0.0,1.9219075530095155E-14,5.203440814765541E-4,4261.224163155232,4732.250000000001,9.9530596164966,0.0,0.0,0-2-1,0-5-6-2-4 | 1-7-3
95,4,4732.183896708071,4732.250000000001,4732.25,4732.25,4732.250000000001,4.848,0.0,0.0,0.0,1.9219075530095155E-14,0.0013968681267836926,4261.257271848983,4732.250000000001,9.951570673039292,0.0,0.0,0-2-1,0-5-6-2-4 | 1-7-3
96,0,4925.7177836405335,4942.25,4942.25,4942.25,4942.25,0.187,0.0,0.0,0.0,0.0,0.3345078933576099,4457.535474042794,4942.25,9.504854523998171,0.0,0.0,2-1-0,6-7-9-4-1 | 8-3-5-0-2
96,1,4925.432978114599,4942.25,4942.25,4942.25,4942.25,0.206,0.0,0.0,0.0,0.0,0.34027056270729156,4460.327519066799,4942.25,9.442935496522317,0.0,0.0,2-1-0,6-7-9-4-1 | 8-3-5-0-2
96,2,4925.744098964007,4942.25,4942.25,4942.25,4942.25,0.192,0.0,0.0,0.0,0.0,0.3339754370174069,4457.544644623853,4942.25,9.50515180921857,0.0,0.0,2-1-0,6-7-9-4-1 | 8-3-5-0-2
96,3,4924.734107803826,4942.25,4942.25,4942.25,4942.25,0.196,0.0,0.0,0.0,0.0,0.35441129437349,4457.509398414187,4942.25,9.48730833303805,0.0,0.0,2-1-0,6-7-9-4-1 | 8-3-5-0-2
96,4,4925.218185197091,4942.25,4942.25,4942.25,4942.25,0.178,0.0,0.0,0.0,0.0,0.344616617996037,4457.0152170076235,4942.25,9.506238111372754,0.0,0.0,2-1-0,6-7-9-4-1 | 8-3-5-0-2
97,0,4484.610500129397,4485.250000000001,4485.25,4485.25,4485.250000000001,0.287,0.0,0.0,0.0,2.0277458375183726E-14,0.014257842274202903,4016.0263117548247,4485.250000000001,10.448715409310399,0.0,0.0,2-1-0,7-8-5-0-2 | 9-3-4-6-1
97,1,4484.9153387983,4485.250000000001,4485.25,4485.25,4485.250000000001,0.243,0.0,0.0,0.0,2.0277458375183726E-14,0.007461372313722479,4015.108993215795,4485.250000000001,10.475255608913805,0.0,0.0,2-1-0,7-8-5-0-2 | 9-3-4-6-1
97,2,4484.70065576275,4485.250000000001,4485.25,4485.25,4485.250000000001,0.269,0.0,0.0,0.0,2.0277458375183726E-14,0.012247795267840297,4016.234826572805,4485.250000000001,10.445866182572873,0.0,0.0,2-1-0,7-8-5-0-2 | 9-3-4-6-1
97,3,4484.763329809805,4485.250000000001,4485.25,4485.25,4485.250000000001,0.234,0.0,0.0,0.0,2.0277458375183726E-14,0.01085045850723108,4015.5528347160316,4485.250000000001,10.462324555121452,0.0,0.0,2-1-0,7-8-5-0-2 | 9-3-4-6-1
97,4,4484.843170601503,4485.250000000001,4485.25,4485.25,4485.250000000001,0.224,0.0,0.0,0.0,2.0277458375183726E-14,0.009070384003083503,4015.2093449522863,4485.250000000001,10.47157743949003,0.0,0.0,2-1-0,7-8-5-0-2 | 9-3-4-6-1
98,0,4510.818348122205,4511.250000000001,4511.25,4511.25,4511.250000000001,0.246,0.0,0.0,0.0,2.0160591892999235E-14,0.009568343093288051,4041.1298145212113,4511.250000000001,10.412490536146704,0.0,0.0,1-0-2,4-5-2-7-9-8 | 6-0-1-3-10
98,1,4510.705821993348,4511.250000000001,4511.25,4511.25,4511.250000000001,0.253,0.0,0.0,0.0,2.0160591892999235E-14,0.012062687872608597,4041.113020966891,4511.250000000001,10.410627949550854,0.0,0.0,1-0-2,4-5-2-7-9-8 | 6-0-1-3-10
98,2,4510.646759485245,4511.250000000001,4511.25,4511.25,4511.250000000001,0.261,0.0,0.0,0.0,2.0160591892999235E-14,0.013371914984897317,4041.5749944586273,4511.250000000001,10.399213018404215,0.0,0.0,1-0-2,4-5-2-7-9-8 | 6-0-1-3-10
98,3,4510.834018804481,4511.250000000001,4511.25,4511.25,4511.250000000001,0.281,0.0,0.0,0.0,2.0160591892999235E-14,0.009220974131773555,4041.3858688565697,4511.250000000001,10.407125334049217,0.0,0.0,1-0-2,4-5-2-7-9-8 | 6-0-1-3-10
98,4,4510.7611554406985,4511.250000000001,4511.25,4511.25,4511.250000000001,0.285,0.0,0.0,0.0,2.0160591892999235E-14,0.01083612212363267,4041.7034359062513,4511.250000000001,10.3986379098944,0.0,0.0,1-0-2,4-5-2-7-9-8 | 6-0-1-3-10
99,0,4718.910979706831,4719.250000000001,4719.25,4719.25,4719.250000000001,0.254,0.0,0.0,0.0,1.9272017837006474E-14,0.007183774819507265,4248.676677182925,4719.250000000001,9.9648903008787,0.0,0.0,0-1-2,0-1-5-4-9-8 | 2-3-6-7-10
99,1,4718.9499760860235,4719.250000000001,4719.25,4719.25,4719.250000000001,0.306,0.0,0.0,0.0,1.9272017837006474E-14,0.006357449043330696,4248.749808676372,4719.250000000001,9.964084590692012,0.0,0.0,0-1-2,0-1-5-4-9-8 | 2-3-6-7-10
99,2,4718.848774006996,4719.250000000001,4719.25,4719.25,4719.250000000001,0.269,0.0,0.0,0.0,1.9272017837006474E-14,0.00850190163701918,4248.890134647854,4719.250000000001,9.959179915826752,0.0,0.0,0-1-2,0-1-5-4-9-8 | 2-3-6-7-10
99,3,4718.919652108391,4719.250000000001,4719.25,4719.25,4719.250000000001,0.269,0.0,0.0,0.0,1.9272017837006474E-14,0.007000008298131329,4248.61006995618,4719.250000000001,9.966467259981401,0.0,0.0,0-1-2,0-1-5-4-9-8 | 2-3-6-7-10
99,4,4718.7827232835625,4719.250000000001,4719.25,4719.25,4719.250000000001,0.317,0.0,0.0,0.0,1.9272017837006474E-14,0.009901503765182841,4248.93090670527,4719.250000000001,9.957055540191229,0.0,0.0,0-1-2,0-1-5-4-9-8 | 2-3-6-7-10
